S. No.,Date,Price,Open,High,Low,Change %,Profit
1,04-01-10,3.823,3.823,3.823,3.823,-0.36%,0
2,05-01-10,3.763,3.763,3.763,3.763,-1.57%,0.06
3,06-01-10,3.829,3.829,3.829,3.829,1.75%,-0.066
4,07-01-10,3.827,3.827,3.827,3.827,-0.05%,0.002
5,08-01-10,3.836,3.836,3.836,3.836,0.24%,-0.009
6,11-01-10,3.824,3.824,3.824,3.824,-0.31%,0.012
7,12-01-10,3.717,3.717,3.717,3.717,-2.80%,0.107
8,13-01-10,3.793,3.793,3.793,3.793,2.04%,-0.076
9,14-01-10,3.742,3.742,3.742,3.742,-1.34%,0.051
10,15-01-10,3.676,3.676,3.676,3.676,-1.76%,0.066
11,19-01-10,3.698,3.698,3.698,3.698,0.60%,-0.022
12,20-01-10,3.653,3.653,3.653,3.653,-1.22%,0.045
13,21-01-10,3.595,3.595,3.595,3.595,-1.59%,0.058
14,22-01-10,3.601,3.601,3.601,3.601,0.17%,-0.006
15,25-01-10,3.63,3.63,3.63,3.63,0.81%,-0.029
16,26-01-10,3.621,3.621,3.621,3.621,-0.25%,0.009
17,27-01-10,3.65,3.65,3.65,3.65,0.80%,-0.029
18,28-01-10,3.642,3.642,3.642,3.642,-0.22%,0.008
19,29-01-10,3.588,3.588,3.588,3.588,-1.48%,0.054
20,01-02-10,3.656,3.656,3.656,3.656,1.90%,-0.068
21,02-02-10,3.64,3.64,3.64,3.64,-0.44%,0.016
22,03-02-10,3.707,3.707,3.707,3.707,1.84%,-0.067
23,04-02-10,3.61,3.61,3.61,3.61,-2.62%,0.097
24,05-02-10,3.571,3.571,3.571,3.571,-1.08%,0.039
25,08-02-10,3.562,3.562,3.562,3.562,-0.25%,0.009
26,09-02-10,3.647,3.647,3.647,3.647,2.39%,-0.085
27,10-02-10,3.69,3.69,3.69,3.69,1.18%,-0.043
28,11-02-10,3.721,3.721,3.721,3.721,0.84%,-0.031
29,12-02-10,3.695,3.695,3.695,3.695,-0.70%,0.026
30,16-02-10,3.663,3.663,3.663,3.663,-0.87%,0.032
31,17-02-10,3.735,3.735,3.735,3.735,1.97%,-0.072
32,18-02-10,3.807,3.807,3.807,3.807,1.93%,-0.072
33,19-02-10,3.776,3.776,3.776,3.776,-0.81%,0.031
34,22-02-10,3.797,3.797,3.797,3.797,0.56%,-0.021
35,23-02-10,3.689,3.689,3.689,3.689,-2.84%,0.108
36,24-02-10,3.695,3.695,3.695,3.695,0.16%,-0.006
37,25-02-10,3.632,3.632,3.632,3.632,-1.71%,0.063
38,26-02-10,3.619,3.619,3.619,3.619,-0.36%,0.013
39,01-03-10,3.608,3.608,3.608,3.608,-0.30%,0.011
40,02-03-10,3.608,3.608,3.608,3.608,0.00%,0
41,03-03-10,3.621,3.621,3.621,3.621,0.36%,-0.013
42,04-03-10,3.606,3.606,3.606,3.606,-0.41%,0.015
43,05-03-10,3.682,3.682,3.682,3.682,2.11%,-0.076
44,08-03-10,3.721,3.721,3.721,3.721,1.06%,-0.039
45,09-03-10,3.7,3.7,3.7,3.7,-0.56%,0.021
46,10-03-10,3.721,3.721,3.721,3.721,0.57%,-0.021
47,11-03-10,3.729,3.729,3.729,3.729,0.21%,-0.008
48,12-03-10,3.703,3.703,3.703,3.703,-0.70%,0.026
49,15-03-10,3.697,3.697,3.697,3.697,-0.16%,0.006
50,16-03-10,3.653,3.653,3.653,3.653,-1.19%,0.044
51,17-03-10,3.642,3.642,3.642,3.642,-0.30%,0.011
52,18-03-10,3.682,3.682,3.682,3.682,1.10%,-0.04
53,19-03-10,3.693,3.693,3.693,3.693,0.30%,-0.011
54,22-03-10,3.661,3.661,3.661,3.661,-0.87%,0.032
55,23-03-10,3.687,3.687,3.687,3.687,0.71%,-0.026
56,24-03-10,3.854,3.854,3.854,3.854,4.53%,-0.167
57,25-03-10,3.881,3.881,3.881,3.881,0.70%,-0.027
58,26-03-10,3.851,3.851,3.851,3.851,-0.77%,0.03
59,29-03-10,3.866,3.866,3.866,3.866,0.39%,-0.015
60,30-03-10,3.858,3.858,3.858,3.858,-0.21%,0.008
61,31-03-10,3.833,3.833,3.833,3.833,-0.65%,0.025
62,01-04-10,3.87,3.87,3.87,3.87,0.97%,-0.037
64,05-04-10,3.99,3.99,3.99,3.99,1.19%,-0.047
65,06-04-10,3.956,3.956,3.956,3.956,-0.85%,0.034
66,07-04-10,3.863,3.863,3.863,3.863,-2.35%,0.093
67,08-04-10,3.89,3.89,3.89,3.89,0.70%,-0.027
68,09-04-10,3.881,3.881,3.881,3.881,-0.23%,0.009
69,12-04-10,3.838,3.838,3.838,3.838,-1.11%,0.043
70,13-04-10,3.82,3.82,3.82,3.82,-0.47%,0.018
71,14-04-10,3.865,3.865,3.865,3.865,1.18%,-0.045
72,15-04-10,3.836,3.836,3.836,3.836,-0.75%,0.029
73,16-04-10,3.77,3.77,3.77,3.77,-1.72%,0.066
74,19-04-10,3.803,3.803,3.803,3.803,0.88%,-0.033
75,20-04-10,3.797,3.797,3.797,3.797,-0.16%,0.006
76,21-04-10,3.738,3.738,3.738,3.738,-1.55%,0.059
77,22-04-10,3.77,3.77,3.77,3.77,0.86%,-0.032
78,23-04-10,3.817,3.817,3.817,3.817,1.25%,-0.047
79,26-04-10,3.809,3.809,3.809,3.809,-0.21%,0.008
80,27-04-10,3.693,3.693,3.693,3.693,-3.05%,0.116
81,28-04-10,3.767,3.767,3.767,3.767,2.00%,-0.074
82,29-04-10,3.73,3.73,3.73,3.73,-0.98%,0.037
83,30-04-10,3.659,3.659,3.659,3.659,-1.90%,0.071
84,03-05-10,3.692,3.692,3.692,3.692,0.90%,-0.033
85,04-05-10,3.598,3.598,3.598,3.598,-2.55%,0.094
86,05-05-10,3.546,3.546,3.546,3.546,-1.45%,0.052
87,06-05-10,3.405,3.405,3.405,3.405,-3.98%,0.141
88,07-05-10,3.42,3.42,3.42,3.42,0.44%,-0.015
89,10-05-10,3.544,3.544,3.544,3.544,3.63%,-0.124
90,11-05-10,3.527,3.527,3.527,3.527,-0.48%,0.017
91,12-05-10,3.571,3.571,3.571,3.571,1.25%,-0.044
92,13-05-10,3.537,3.537,3.537,3.537,-0.95%,0.034
93,14-05-10,3.455,3.455,3.455,3.455,-2.32%,0.082
94,17-05-10,3.491,3.491,3.491,3.491,1.04%,-0.036
95,18-05-10,3.353,3.353,3.353,3.353,-3.95%,0.138
96,19-05-10,3.37,3.37,3.37,3.37,0.51%,-0.017
97,20-05-10,3.216,3.216,3.216,3.216,-4.57%,0.154
98,21-05-10,3.236,3.236,3.236,3.236,0.62%,-0.02
99,24-05-10,3.198,3.198,3.198,3.198,-1.17%,0.038
100,25-05-10,3.16,3.16,3.16,3.16,-1.19%,0.038
101,26-05-10,3.192,3.192,3.192,3.192,1.01%,-0.032
102,27-05-10,3.357,3.357,3.357,3.357,5.17%,-0.165
103,28-05-10,3.303,3.303,3.303,3.303,-1.61%,0.054
105,01-06-10,3.263,3.263,3.263,3.263,-1.12%,0.037
106,02-06-10,3.347,3.347,3.347,3.347,2.57%,-0.084
107,03-06-10,3.369,3.369,3.369,3.369,0.66%,-0.022
108,04-06-10,3.208,3.208,3.208,3.208,-4.78%,0.161
109,07-06-10,3.146,3.146,3.146,3.146,-1.93%,0.062
110,08-06-10,3.189,3.189,3.189,3.189,1.37%,-0.043
111,09-06-10,3.178,3.178,3.178,3.178,-0.34%,0.011
112,10-06-10,3.325,3.325,3.325,3.325,4.63%,-0.147
113,11-06-10,3.233,3.233,3.233,3.233,-2.77%,0.092
114,14-06-10,3.262,3.262,3.262,3.262,0.90%,-0.029
115,15-06-10,3.306,3.306,3.306,3.306,1.35%,-0.044
116,16-06-10,3.264,3.264,3.264,3.264,-1.27%,0.042
117,17-06-10,3.194,3.194,3.194,3.194,-2.14%,0.07
118,18-06-10,3.225,3.225,3.225,3.225,0.97%,-0.031
119,21-06-10,3.243,3.243,3.243,3.243,0.56%,-0.018
120,22-06-10,3.165,3.165,3.165,3.165,-2.41%,0.078
121,23-06-10,3.124,3.124,3.124,3.124,-1.30%,0.041
122,24-06-10,3.143,3.143,3.143,3.143,0.61%,-0.019
123,25-06-10,3.11,3.11,3.11,3.11,-1.05%,0.033
124,28-06-10,3.023,3.023,3.023,3.023,-2.80%,0.087
125,29-06-10,2.953,2.953,2.953,2.953,-2.32%,0.07
126,30-06-10,2.935,2.935,2.935,2.935,-0.61%,0.018
127,01-07-10,2.954,2.954,2.954,2.954,0.65%,-0.019
128,02-07-10,2.984,2.984,2.984,2.984,1.02%,-0.03
130,06-07-10,2.936,2.936,2.936,2.936,-1.48%,0.044
131,07-07-10,2.986,2.986,2.986,2.986,1.70%,-0.05
132,08-07-10,3.034,3.034,3.034,3.034,1.61%,-0.048
133,09-07-10,3.056,3.056,3.056,3.056,0.73%,-0.022
134,12-07-10,3.066,3.066,3.066,3.066,0.33%,-0.01
135,13-07-10,3.124,3.124,3.124,3.124,1.89%,-0.058
136,14-07-10,3.05,3.05,3.05,3.05,-2.37%,0.074
137,15-07-10,2.997,2.997,2.997,2.997,-1.74%,0.053
138,16-07-10,2.925,2.925,2.925,2.925,-2.40%,0.072
139,19-07-10,2.961,2.961,2.961,2.961,1.23%,-0.036
140,20-07-10,2.954,2.954,2.954,2.954,-0.24%,0.007
141,21-07-10,2.882,2.882,2.882,2.882,-2.44%,0.072
142,22-07-10,2.932,2.932,2.932,2.932,1.73%,-0.05
143,23-07-10,3,3,3,3,2.32%,-0.068
144,26-07-10,2.996,2.996,2.996,2.996,-0.13%,0.004
145,27-07-10,3.049,3.049,3.049,3.049,1.77%,-0.053
146,28-07-10,2.99,2.99,2.99,2.99,-1.94%,0.059
147,29-07-10,2.988,2.988,2.988,2.988,-0.07%,0.002
148,30-07-10,2.905,2.905,2.905,2.905,-2.78%,0.083
149,02-08-10,2.963,2.963,2.963,2.963,2.00%,-0.058
150,03-08-10,2.909,2.909,2.909,2.909,-1.82%,0.054
151,04-08-10,2.953,2.953,2.953,2.953,1.51%,-0.044
152,05-08-10,2.906,2.906,2.906,2.906,-1.59%,0.047
153,06-08-10,2.822,2.822,2.822,2.822,-2.89%,0.084
154,09-08-10,2.829,2.829,2.829,2.829,0.25%,-0.007
155,10-08-10,2.768,2.768,2.768,2.768,-2.16%,0.061
156,11-08-10,2.687,2.687,2.687,2.687,-2.93%,0.081
157,12-08-10,2.753,2.753,2.753,2.753,2.46%,-0.066
158,13-08-10,2.679,2.679,2.679,2.679,-2.69%,0.074
159,16-08-10,2.573,2.573,2.573,2.573,-3.96%,0.106
160,17-08-10,2.641,2.641,2.641,2.641,2.64%,-0.068
161,18-08-10,2.638,2.638,2.638,2.638,-0.11%,0.003
162,19-08-10,2.575,2.575,2.575,2.575,-2.39%,0.063
163,20-08-10,2.614,2.614,2.614,2.614,1.51%,-0.039
164,23-08-10,2.602,2.602,2.602,2.602,-0.46%,0.012
165,24-08-10,2.488,2.488,2.488,2.488,-4.38%,0.114
166,25-08-10,2.539,2.539,2.539,2.539,2.05%,-0.051
167,26-08-10,2.481,2.481,2.481,2.481,-2.28%,0.058
168,27-08-10,2.647,2.647,2.647,2.647,6.69%,-0.166
169,30-08-10,2.53,2.53,2.53,2.53,-4.42%,0.117
170,31-08-10,2.47,2.47,2.47,2.47,-2.37%,0.06
171,01-09-10,2.58,2.58,2.58,2.58,4.45%,-0.11
172,02-09-10,2.625,2.625,2.625,2.625,1.74%,-0.045
173,03-09-10,2.702,2.702,2.702,2.702,2.93%,-0.077
175,07-09-10,2.598,2.598,2.598,2.598,-4.27%,0.116
176,08-09-10,2.654,2.654,2.654,2.654,2.16%,-0.056
177,09-09-10,2.762,2.762,2.762,2.762,4.07%,-0.108
178,10-09-10,2.795,2.795,2.795,2.795,1.19%,-0.033
179,13-09-10,2.746,2.746,2.746,2.746,-1.75%,0.049
180,14-09-10,2.683,2.683,2.683,2.683,-2.29%,0.063
181,15-09-10,2.723,2.723,2.723,2.723,1.49%,-0.04
182,16-09-10,2.764,2.764,2.764,2.764,1.51%,-0.041
183,17-09-10,2.739,2.739,2.739,2.739,-0.90%,0.025
184,20-09-10,2.704,2.704,2.704,2.704,-1.28%,0.035
185,21-09-10,2.576,2.576,2.576,2.576,-4.73%,0.128
186,22-09-10,2.555,2.555,2.555,2.555,-0.82%,0.021
187,23-09-10,2.553,2.553,2.553,2.553,-0.08%,0.002
188,24-09-10,2.61,2.61,2.61,2.61,2.23%,-0.057
189,27-09-10,2.531,2.531,2.531,2.531,-3.03%,0.079
190,28-09-10,2.467,2.467,2.467,2.467,-2.53%,0.064
191,29-09-10,2.505,2.505,2.505,2.505,1.54%,-0.038
192,30-09-10,2.512,2.512,2.512,2.512,0.28%,-0.007
193,01-10-10,2.513,2.513,2.513,2.513,0.04%,-0.001
194,04-10-10,2.479,2.479,2.479,2.479,-1.35%,0.034
195,05-10-10,2.474,2.474,2.474,2.474,-0.20%,0.005
196,06-10-10,2.401,2.401,2.401,2.401,-2.95%,0.073
197,07-10-10,2.385,2.385,2.385,2.385,-0.67%,0.016
198,08-10-10,2.396,2.396,2.396,2.396,0.46%,-0.011
199,11-10-10,2.389,2.389,2.389,2.389,-0.29%,0.007
200,12-10-10,2.433,2.433,2.433,2.433,1.84%,-0.044
201,13-10-10,2.429,2.429,2.429,2.429,-0.16%,0.004
202,14-10-10,2.509,2.509,2.509,2.509,3.29%,-0.08
203,15-10-10,2.567,2.567,2.567,2.567,2.31%,-0.058
204,18-10-10,2.515,2.515,2.515,2.515,-2.03%,0.052
205,19-10-10,2.481,2.481,2.481,2.481,-1.35%,0.034
206,20-10-10,2.481,2.481,2.481,2.481,0.00%,0
207,21-10-10,2.542,2.542,2.542,2.542,2.46%,-0.061
208,22-10-10,2.561,2.561,2.561,2.561,0.75%,-0.019
209,25-10-10,2.565,2.565,2.565,2.565,0.16%,-0.004
210,26-10-10,2.645,2.645,2.645,2.645,3.12%,-0.08
211,27-10-10,2.722,2.722,2.722,2.722,2.91%,-0.077
212,28-10-10,2.659,2.659,2.659,2.659,-2.31%,0.063
213,29-10-10,2.603,2.603,2.603,2.603,-2.11%,0.056
214,01-11-10,2.625,2.625,2.625,2.625,0.85%,-0.022
215,02-11-10,2.587,2.587,2.587,2.587,-1.45%,0.038
216,03-11-10,2.579,2.579,2.579,2.579,-0.31%,0.008
217,04-11-10,2.493,2.493,2.493,2.493,-3.33%,0.086
218,05-11-10,2.539,2.539,2.539,2.539,1.85%,-0.046
219,08-11-10,2.558,2.558,2.558,2.558,0.75%,-0.019
220,09-11-10,2.663,2.663,2.663,2.663,4.10%,-0.105
221,10-11-10,2.639,2.639,2.639,2.639,-0.90%,0.024
222,11-11-10,2.656,2.656,2.656,2.656,0.64%,-0.017
223,12-11-10,2.789,2.789,2.789,2.789,5.01%,-0.133
224,15-11-10,2.967,2.967,2.967,2.967,6.38%,-0.178
225,16-11-10,2.845,2.845,2.845,2.845,-4.11%,0.122
226,17-11-10,2.882,2.882,2.882,2.882,1.30%,-0.037
227,18-11-10,2.901,2.901,2.901,2.901,0.66%,-0.019
228,19-11-10,2.873,2.873,2.873,2.873,-0.97%,0.028
229,22-11-10,2.806,2.806,2.806,2.806,-2.33%,0.067
230,23-11-10,2.782,2.782,2.782,2.782,-0.86%,0.024
231,24-11-10,2.912,2.912,2.912,2.912,4.67%,-0.13
233,26-11-10,2.87,2.87,2.87,2.87,-1.41%,0.041
234,29-11-10,2.826,2.826,2.826,2.826,-1.53%,0.044
235,30-11-10,2.797,2.797,2.797,2.797,-1.03%,0.029
236,01-12-10,2.966,2.966,2.966,2.966,6.04%,-0.169
237,02-12-10,2.996,2.996,2.996,2.996,1.01%,-0.03
238,03-12-10,3.007,3.007,3.007,3.007,0.37%,-0.011
239,06-12-10,2.929,2.929,2.929,2.929,-2.59%,0.078
240,07-12-10,3.135,3.135,3.135,3.135,7.03%,-0.206
241,08-12-10,3.272,3.272,3.272,3.272,4.37%,-0.137
242,09-12-10,3.213,3.213,3.213,3.213,-1.80%,0.059
243,10-12-10,3.323,3.323,3.323,3.323,3.42%,-0.11
244,13-12-10,3.277,3.277,3.277,3.277,-1.38%,0.046
245,14-12-10,3.473,3.473,3.473,3.473,5.98%,-0.196
246,15-12-10,3.538,3.538,3.538,3.538,1.87%,-0.065
247,16-12-10,3.434,3.434,3.434,3.434,-2.94%,0.104
248,17-12-10,3.332,3.332,3.332,3.332,-2.97%,0.102
249,20-12-10,3.34,3.34,3.34,3.34,0.24%,-0.008
250,21-12-10,3.303,3.303,3.303,3.303,-1.11%,0.037
251,22-12-10,3.348,3.348,3.348,3.348,1.36%,-0.045
252,23-12-10,3.397,3.397,3.397,3.397,1.46%,-0.049
254,27-12-10,3.327,3.327,3.327,3.327,-2.53%,0.087
255,28-12-10,3.482,3.482,3.482,3.482,4.66%,-0.155
256,29-12-10,3.355,3.355,3.355,3.355,-3.65%,0.127
257,30-12-10,3.367,3.367,3.367,3.367,0.36%,-0.012
258,31-12-10,3.288,3.288,3.288,3.288,-2.35%,0.079
259,03-01-11,3.334,3.334,3.334,3.334,1.40%,-0.046
260,04-01-11,3.338,3.338,3.338,3.338,0.12%,-0.004
261,05-01-11,3.463,3.463,3.463,3.463,3.74%,-0.125
262,06-01-11,3.399,3.399,3.399,3.399,-1.85%,0.064
263,07-01-11,3.328,3.328,3.328,3.328,-2.09%,0.071
264,10-01-11,3.287,3.287,3.287,3.287,-1.23%,0.041
265,11-01-11,3.34,3.34,3.34,3.34,1.61%,-0.053
266,12-01-11,3.367,3.367,3.367,3.367,0.81%,-0.027
267,13-01-11,3.299,3.299,3.299,3.299,-2.02%,0.068
268,14-01-11,3.331,3.331,3.331,3.331,0.97%,-0.032
270,18-01-11,3.37,3.37,3.37,3.37,1.65%,-0.055
271,19-01-11,3.337,3.337,3.337,3.337,-0.98%,0.033
272,20-01-11,3.451,3.451,3.451,3.451,3.42%,-0.114
273,21-01-11,3.408,3.408,3.408,3.408,-1.25%,0.043
274,24-01-11,3.406,3.406,3.406,3.406,-0.06%,0.002
275,25-01-11,3.33,3.33,3.33,3.33,-2.23%,0.076
276,26-01-11,3.421,3.421,3.421,3.421,2.73%,-0.091
277,27-01-11,3.389,3.389,3.389,3.389,-0.94%,0.032
278,28-01-11,3.329,3.329,3.329,3.329,-1.77%,0.06
279,31-01-11,3.374,3.374,3.374,3.374,1.35%,-0.045
280,01-02-11,3.435,3.435,3.435,3.435,1.81%,-0.061
281,02-02-11,3.479,3.479,3.479,3.479,1.28%,-0.044
282,03-02-11,3.547,3.547,3.547,3.547,1.95%,-0.068
283,04-02-11,3.638,3.638,3.638,3.638,2.57%,-0.091
284,07-02-11,3.64,3.64,3.64,3.64,0.05%,-0.002
285,08-02-11,3.737,3.737,3.737,3.737,2.66%,-0.097
286,09-02-11,3.652,3.652,3.652,3.652,-2.27%,0.085
287,10-02-11,3.702,3.702,3.702,3.702,1.37%,-0.05
288,11-02-11,3.638,3.638,3.638,3.638,-1.73%,0.064
289,14-02-11,3.625,3.625,3.625,3.625,-0.36%,0.013
290,15-02-11,3.604,3.604,3.604,3.604,-0.58%,0.021
291,16-02-11,3.623,3.623,3.623,3.623,0.53%,-0.019
292,17-02-11,3.576,3.576,3.576,3.576,-1.30%,0.047
293,18-02-11,3.582,3.582,3.582,3.582,0.17%,-0.006
295,22-02-11,3.459,3.459,3.459,3.459,-3.26%,0.117
296,23-02-11,3.483,3.483,3.483,3.483,0.69%,-0.024
297,24-02-11,3.45,3.45,3.45,3.45,-0.95%,0.033
298,25-02-11,3.416,3.416,3.416,3.416,-0.99%,0.034
299,28-02-11,3.422,3.422,3.422,3.422,0.18%,-0.006
300,01-03-11,3.403,3.403,3.403,3.403,-0.56%,0.019
301,02-03-11,3.471,3.471,3.471,3.471,2.00%,-0.068
302,03-03-11,3.559,3.559,3.559,3.559,2.54%,-0.088
303,04-03-11,3.492,3.492,3.492,3.492,-1.88%,0.067
304,07-03-11,3.516,3.516,3.516,3.516,0.69%,-0.024
305,08-03-11,3.551,3.551,3.551,3.551,1.00%,-0.035
306,09-03-11,3.469,3.469,3.469,3.469,-2.31%,0.082
307,10-03-11,3.362,3.362,3.362,3.362,-3.08%,0.107
308,11-03-11,3.402,3.402,3.402,3.402,1.19%,-0.04
309,14-03-11,3.365,3.365,3.365,3.365,-1.09%,0.037
310,15-03-11,3.307,3.307,3.307,3.307,-1.72%,0.058
311,16-03-11,3.192,3.192,3.192,3.192,-3.48%,0.115
312,17-03-11,3.257,3.257,3.257,3.257,2.04%,-0.065
313,18-03-11,3.268,3.268,3.268,3.268,0.34%,-0.011
314,21-03-11,3.332,3.332,3.332,3.332,1.96%,-0.064
315,22-03-11,3.328,3.328,3.328,3.328,-0.12%,0.004
316,23-03-11,3.354,3.354,3.354,3.354,0.78%,-0.026
317,24-03-11,3.407,3.407,3.407,3.407,1.58%,-0.053
318,25-03-11,3.442,3.442,3.442,3.442,1.03%,-0.035
319,28-03-11,3.441,3.441,3.441,3.441,-0.03%,0.001
320,29-03-11,3.491,3.491,3.491,3.491,1.45%,-0.05
321,30-03-11,3.444,3.444,3.444,3.444,-1.35%,0.047
322,31-03-11,3.47,3.47,3.47,3.47,0.75%,-0.026
323,01-04-11,3.45,3.45,3.45,3.45,-0.58%,0.02
324,04-04-11,3.425,3.425,3.425,3.425,-0.72%,0.025
325,05-04-11,3.487,3.487,3.487,3.487,1.81%,-0.062
326,06-04-11,3.549,3.549,3.549,3.549,1.78%,-0.062
327,07-04-11,3.549,3.549,3.549,3.549,0.00%,0
328,08-04-11,3.583,3.583,3.583,3.583,0.96%,-0.034
329,11-04-11,3.587,3.587,3.587,3.587,0.11%,-0.004
330,12-04-11,3.492,3.492,3.492,3.492,-2.65%,0.095
331,13-04-11,3.458,3.458,3.458,3.458,-0.97%,0.034
332,14-04-11,3.496,3.496,3.496,3.496,1.10%,-0.038
333,15-04-11,3.413,3.413,3.413,3.413,-2.37%,0.083
334,18-04-11,3.38,3.38,3.38,3.38,-0.97%,0.033
335,19-04-11,3.365,3.365,3.365,3.365,-0.44%,0.015
336,20-04-11,3.408,3.408,3.408,3.408,1.28%,-0.043
337,21-04-11,3.394,3.394,3.394,3.394,-0.41%,0.014
339,25-04-11,3.366,3.366,3.366,3.366,-0.82%,0.028
340,26-04-11,3.309,3.309,3.309,3.309,-1.69%,0.057
341,27-04-11,3.357,3.357,3.357,3.357,1.45%,-0.048
342,28-04-11,3.316,3.316,3.316,3.316,-1.22%,0.041
343,29-04-11,3.29,3.29,3.29,3.29,-0.78%,0.026
344,02-05-11,3.281,3.281,3.281,3.281,-0.27%,0.009
345,03-05-11,3.251,3.251,3.251,3.251,-0.91%,0.03
346,04-05-11,3.221,3.221,3.221,3.221,-0.92%,0.03
347,05-05-11,3.152,3.152,3.152,3.152,-2.14%,0.069
348,06-05-11,3.15,3.15,3.15,3.15,-0.06%,0.002
349,09-05-11,3.157,3.157,3.157,3.157,0.22%,-0.007
350,10-05-11,3.213,3.213,3.213,3.213,1.77%,-0.056
351,11-05-11,3.156,3.156,3.156,3.156,-1.77%,0.057
352,12-05-11,3.226,3.226,3.226,3.226,2.22%,-0.07
353,13-05-11,3.169,3.169,3.169,3.169,-1.77%,0.057
354,16-05-11,3.147,3.147,3.147,3.147,-0.69%,0.022
355,17-05-11,3.114,3.114,3.114,3.114,-1.05%,0.033
356,18-05-11,3.184,3.184,3.184,3.184,2.25%,-0.07
357,19-05-11,3.173,3.173,3.173,3.173,-0.35%,0.011
358,20-05-11,3.147,3.147,3.147,3.147,-0.82%,0.026
359,23-05-11,3.129,3.129,3.129,3.129,-0.57%,0.018
360,24-05-11,3.116,3.116,3.116,3.116,-0.42%,0.013
361,25-05-11,3.132,3.132,3.132,3.132,0.51%,-0.016
362,26-05-11,3.059,3.059,3.059,3.059,-2.33%,0.073
363,27-05-11,3.072,3.072,3.072,3.072,0.42%,-0.013
365,31-05-11,3.059,3.059,3.059,3.059,-0.08%,0.003
366,01-06-11,2.944,2.944,2.944,2.944,-3.76%,0.115
367,02-06-11,3.031,3.031,3.031,3.031,2.96%,-0.087
368,03-06-11,2.991,2.991,2.991,2.991,-1.32%,0.04
369,06-06-11,2.997,2.997,2.997,2.997,0.20%,-0.006
370,07-06-11,3,3,3,3,0.10%,-0.003
371,08-06-11,2.946,2.946,2.946,2.946,-1.80%,0.054
372,09-06-11,2.997,2.997,2.997,2.997,1.73%,-0.051
373,10-06-11,2.973,2.973,2.973,2.973,-0.80%,0.024
374,13-06-11,2.984,2.984,2.984,2.984,0.37%,-0.011
375,14-06-11,3.099,3.099,3.099,3.099,3.85%,-0.115
376,15-06-11,2.967,2.967,2.967,2.967,-4.26%,0.132
377,16-06-11,2.926,2.926,2.926,2.926,-1.38%,0.041
378,17-06-11,2.944,2.944,2.944,2.944,0.62%,-0.018
379,20-06-11,2.956,2.956,2.956,2.956,0.41%,-0.012
380,21-06-11,2.98,2.98,2.98,2.98,0.81%,-0.024
381,22-06-11,2.98,2.98,2.98,2.98,0.00%,0
382,23-06-11,2.914,2.914,2.914,2.914,-2.21%,0.066
383,24-06-11,2.871,2.871,2.871,2.871,-1.48%,0.043
384,27-06-11,2.932,2.932,2.932,2.932,2.12%,-0.061
385,28-06-11,3.034,3.034,3.034,3.034,3.48%,-0.102
386,29-06-11,3.121,3.121,3.121,3.121,2.87%,-0.087
387,30-06-11,3.16,3.16,3.16,3.16,1.25%,-0.039
388,01-07-11,3.182,3.182,3.182,3.182,0.70%,-0.022
390,05-07-11,3.119,3.119,3.119,3.119,-2.52%,0.081
391,06-07-11,3.11,3.11,3.11,3.11,-0.29%,0.009
392,07-07-11,3.138,3.138,3.138,3.138,0.90%,-0.028
393,08-07-11,3.03,3.03,3.03,3.03,-3.44%,0.108
394,11-07-11,2.924,2.924,2.924,2.924,-3.50%,0.106
395,12-07-11,2.877,2.877,2.877,2.877,-1.61%,0.047
396,13-07-11,2.884,2.884,2.884,2.884,0.24%,-0.007
397,14-07-11,2.953,2.953,2.953,2.953,2.39%,-0.069
398,15-07-11,2.908,2.908,2.908,2.908,-1.52%,0.045
399,18-07-11,2.92,2.92,2.92,2.92,0.41%,-0.012
400,19-07-11,2.878,2.878,2.878,2.878,-1.44%,0.042
401,20-07-11,2.931,2.931,2.931,2.931,1.84%,-0.053
402,21-07-11,3.014,3.014,3.014,3.014,2.83%,-0.083
403,22-07-11,2.964,2.964,2.964,2.964,-1.66%,0.05
404,25-07-11,3.004,3.004,3.004,3.004,1.35%,-0.04
405,26-07-11,2.955,2.955,2.955,2.955,-1.63%,0.049
406,27-07-11,2.982,2.982,2.982,2.982,0.91%,-0.027
407,28-07-11,2.955,2.955,2.955,2.955,-0.91%,0.027
408,29-07-11,2.792,2.792,2.792,2.792,-5.52%,0.163
409,01-08-11,2.753,2.753,2.753,2.753,-1.40%,0.039
410,02-08-11,2.613,2.613,2.613,2.613,-5.09%,0.14
411,03-08-11,2.615,2.615,2.615,2.615,0.08%,-0.002
412,04-08-11,2.407,2.407,2.407,2.407,-7.95%,0.208
413,05-08-11,2.563,2.563,2.563,2.563,6.48%,-0.156
414,08-08-11,2.316,2.316,2.316,2.316,-9.64%,0.247
415,09-08-11,2.275,2.275,2.275,2.275,-1.77%,0.041
416,10-08-11,2.095,2.095,2.095,2.095,-7.91%,0.18
417,11-08-11,2.333,2.333,2.333,2.333,11.36%,-0.238
418,12-08-11,2.26,2.26,2.26,2.26,-3.13%,0.073
419,15-08-11,2.308,2.308,2.308,2.308,2.12%,-0.048
420,16-08-11,2.225,2.225,2.225,2.225,-3.60%,0.083
421,17-08-11,2.167,2.167,2.167,2.167,-2.61%,0.058
422,18-08-11,2.068,2.068,2.068,2.068,-4.57%,0.099
423,19-08-11,2.067,2.067,2.067,2.067,-0.05%,0.001
424,22-08-11,2.109,2.109,2.109,2.109,2.03%,-0.042
425,23-08-11,2.158,2.158,2.158,2.158,2.32%,-0.049
426,24-08-11,2.294,2.294,2.294,2.294,6.30%,-0.136
427,25-08-11,2.234,2.234,2.234,2.234,-2.62%,0.06
428,26-08-11,2.19,2.19,2.19,2.19,-1.97%,0.044
429,29-08-11,2.264,2.264,2.264,2.264,3.38%,-0.074
430,30-08-11,2.176,2.176,2.176,2.176,-3.89%,0.088
431,31-08-11,2.234,2.234,2.234,2.234,2.67%,-0.058
432,01-09-11,2.132,2.132,2.132,2.132,-4.57%,0.102
433,02-09-11,1.994,1.994,1.994,1.994,-6.47%,0.138
435,06-09-11,1.982,1.982,1.982,1.982,-0.30%,0.006
436,07-09-11,2.041,2.041,2.041,2.041,2.98%,-0.059
437,08-09-11,1.977,1.977,1.977,1.977,-3.14%,0.064
438,09-09-11,1.915,1.915,1.915,1.915,-3.14%,0.062
439,12-09-11,1.948,1.948,1.948,1.948,1.72%,-0.033
440,13-09-11,1.992,1.992,1.992,1.992,2.26%,-0.044
441,14-09-11,1.992,1.992,1.992,1.992,0.00%,0
442,15-09-11,2.083,2.083,2.083,2.083,4.57%,-0.091
443,16-09-11,2.057,2.057,2.057,2.057,-1.25%,0.026
444,19-09-11,1.956,1.956,1.956,1.956,-4.91%,0.101
445,20-09-11,1.937,1.937,1.937,1.937,-0.97%,0.019
446,21-09-11,1.856,1.856,1.856,1.856,-4.18%,0.081
447,22-09-11,1.72,1.72,1.72,1.72,-7.33%,0.136
448,23-09-11,1.83,1.83,1.83,1.83,6.40%,-0.11
449,26-09-11,1.904,1.904,1.904,1.904,4.04%,-0.074
450,27-09-11,1.98,1.98,1.98,1.98,3.99%,-0.076
451,28-09-11,1.987,1.987,1.987,1.987,0.35%,-0.007
452,29-09-11,2.002,2.002,2.002,2.002,0.75%,-0.015
453,30-09-11,1.917,1.917,1.917,1.917,-4.25%,0.085
454,03-10-11,1.749,1.749,1.749,1.749,-8.76%,0.168
455,04-10-11,1.817,1.817,1.817,1.817,3.89%,-0.068
456,05-10-11,1.891,1.891,1.891,1.891,4.07%,-0.074
457,06-10-11,1.992,1.992,1.992,1.992,5.34%,-0.101
458,07-10-11,2.075,2.075,2.075,2.075,4.17%,-0.083
459,10-10-11,2.07,2.07,2.07,2.07,-0.26%,0.005
460,11-10-11,2.159,2.159,2.159,2.159,4.32%,-0.089
461,12-10-11,2.212,2.212,2.212,2.212,2.45%,-0.053
462,13-10-11,2.182,2.182,2.182,2.182,-1.36%,0.03
463,14-10-11,2.251,2.251,2.251,2.251,3.16%,-0.069
464,17-10-11,2.155,2.155,2.155,2.155,-4.26%,0.096
465,18-10-11,2.175,2.175,2.175,2.175,0.93%,-0.02
466,19-10-11,2.157,2.157,2.157,2.157,-0.83%,0.018
467,20-10-11,2.187,2.187,2.187,2.187,1.39%,-0.03
468,21-10-11,2.216,2.216,2.216,2.216,1.33%,-0.029
469,24-10-11,2.234,2.234,2.234,2.234,0.81%,-0.018
470,25-10-11,2.114,2.114,2.114,2.114,-5.37%,0.12
471,26-10-11,2.207,2.207,2.207,2.207,4.40%,-0.093
472,27-10-11,2.385,2.385,2.385,2.385,8.07%,-0.178
473,28-10-11,2.324,2.324,2.324,2.324,-2.56%,0.061
474,31-10-11,2.116,2.116,2.116,2.116,-8.95%,0.208
475,01-11-11,1.991,1.991,1.991,1.991,-5.91%,0.125
476,02-11-11,1.989,1.989,1.989,1.989,-0.10%,0.002
477,03-11-11,2.073,2.073,2.073,2.073,4.22%,-0.084
478,04-11-11,2.038,2.038,2.038,2.038,-1.69%,0.035
479,07-11-11,2.02,2.02,2.02,2.02,-0.88%,0.018
480,08-11-11,2.079,2.079,2.079,2.079,2.92%,-0.059
481,09-11-11,1.966,1.966,1.966,1.966,-5.44%,0.113
482,10-11-11,2.057,2.057,2.057,2.057,4.63%,-0.091
483,11-11-11,2.057,2.057,2.057,2.057,0.00%,0
484,14-11-11,2.045,2.045,2.045,2.045,-0.58%,0.012
485,15-11-11,2.049,2.049,2.049,2.049,0.20%,-0.004
486,16-11-11,2,2,2,2,-2.39%,0.049
487,17-11-11,1.965,1.965,1.965,1.965,-1.75%,0.035
488,18-11-11,2.005,2.005,2.005,2.005,2.04%,-0.04
489,21-11-11,1.965,1.965,1.965,1.965,-2.00%,0.04
490,22-11-11,1.922,1.922,1.922,1.922,-2.19%,0.043
491,23-11-11,1.888,1.888,1.888,1.888,-1.77%,0.034
493,25-11-11,1.965,1.965,1.965,1.965,3.75%,-0.071
494,28-11-11,1.97,1.97,1.97,1.97,0.25%,-0.005
495,29-11-11,1.988,1.988,1.988,1.988,0.91%,-0.018
496,30-11-11,2.071,2.071,2.071,2.071,4.18%,-0.083
497,01-12-11,2.086,2.086,2.086,2.086,0.72%,-0.015
498,02-12-11,2.033,2.033,2.033,2.033,-2.54%,0.053
499,05-12-11,2.033,2.033,2.033,2.033,0.00%,0
500,06-12-11,2.086,2.086,2.086,2.086,2.61%,-0.053
501,07-12-11,2.033,2.033,2.033,2.033,-2.54%,0.053
502,08-12-11,1.97,1.97,1.97,1.97,-3.10%,0.063
503,09-12-11,2.063,2.063,2.063,2.063,4.72%,-0.093
504,12-12-11,2.017,2.017,2.017,2.017,-2.23%,0.046
505,13-12-11,1.963,1.963,1.963,1.963,-2.68%,0.054
506,14-12-11,1.904,1.904,1.904,1.904,-3.01%,0.059
507,15-12-11,1.911,1.911,1.911,1.911,0.37%,-0.007
508,16-12-11,1.851,1.851,1.851,1.851,-3.14%,0.06
509,19-12-11,1.81,1.81,1.81,1.81,-2.22%,0.041
510,20-12-11,1.927,1.927,1.927,1.927,6.46%,-0.117
511,21-12-11,1.97,1.97,1.97,1.97,2.23%,-0.043
512,22-12-11,1.953,1.953,1.953,1.953,-0.86%,0.017
513,23-12-11,2.021,2.021,2.021,2.021,3.48%,-0.068
515,27-12-11,2.002,2.002,2.002,2.002,-1.17%,0.024
516,28-12-11,1.921,1.921,1.921,1.921,-4.05%,0.081
517,29-12-11,1.899,1.899,1.899,1.899,-1.15%,0.022
518,30-12-11,1.876,1.876,1.876,1.876,-1.21%,0.023
520,03-01-12,1.956,1.956,1.956,1.956,4.44%,-0.083
521,04-01-12,1.984,1.984,1.984,1.984,1.43%,-0.028
522,05-01-12,1.996,1.996,1.996,1.996,0.60%,-0.012
523,06-01-12,1.958,1.958,1.958,1.958,-1.90%,0.038
524,09-01-12,1.956,1.956,1.956,1.956,-0.10%,0.002
525,10-01-12,1.963,1.963,1.963,1.963,0.36%,-0.007
526,11-01-12,1.905,1.905,1.905,1.905,-2.95%,0.058
527,12-01-12,1.926,1.926,1.926,1.926,1.10%,-0.021
528,13-01-12,1.871,1.871,1.871,1.871,-2.86%,0.055
530,17-01-12,1.858,1.858,1.858,1.858,-0.11%,0.002
531,18-01-12,1.898,1.898,1.898,1.898,2.15%,-0.04
532,19-01-12,1.982,1.982,1.982,1.982,4.43%,-0.084
533,20-01-12,2.025,2.025,2.025,2.025,2.17%,-0.043
534,23-01-12,2.058,2.058,2.058,2.058,1.63%,-0.033
535,24-01-12,2.063,2.063,2.063,2.063,0.24%,-0.005
536,25-01-12,2.002,2.002,2.002,2.002,-2.96%,0.061
537,26-01-12,1.94,1.94,1.94,1.94,-3.10%,0.062
538,27-01-12,1.891,1.891,1.891,1.891,-2.53%,0.049
539,30-01-12,1.846,1.846,1.846,1.846,-2.38%,0.045
540,31-01-12,1.795,1.795,1.795,1.795,-2.76%,0.051
541,01-02-12,1.83,1.83,1.83,1.83,1.95%,-0.035
542,02-02-12,1.823,1.823,1.823,1.823,-0.38%,0.007
543,03-02-12,1.924,1.924,1.924,1.924,5.54%,-0.101
544,06-02-12,1.901,1.901,1.901,1.901,-1.20%,0.023
545,07-02-12,1.977,1.977,1.977,1.977,4.00%,-0.076
546,08-02-12,1.982,1.982,1.982,1.982,0.25%,-0.005
547,09-02-12,2.036,2.036,2.036,2.036,2.72%,-0.054
548,10-02-12,1.984,1.984,1.984,1.984,-2.55%,0.052
549,13-02-12,1.978,1.978,1.978,1.978,-0.30%,0.006
550,14-02-12,1.938,1.938,1.938,1.938,-2.02%,0.04
551,15-02-12,1.933,1.933,1.933,1.933,-0.26%,0.005
552,16-02-12,1.984,1.984,1.984,1.984,2.64%,-0.051
553,17-02-12,2,2,2,2,0.81%,-0.016
555,21-02-12,2.061,2.061,2.061,2.061,1.14%,-0.023
556,22-02-12,2.002,2.002,2.002,2.002,-2.86%,0.059
557,23-02-12,1.996,1.996,1.996,1.996,-0.30%,0.006
558,24-02-12,1.977,1.977,1.977,1.977,-0.95%,0.019
559,27-02-12,1.925,1.925,1.925,1.925,-2.63%,0.052
560,28-02-12,1.941,1.941,1.941,1.941,0.83%,-0.016
561,29-02-12,1.974,1.974,1.974,1.974,1.70%,-0.033
562,01-03-12,2.03,2.03,2.03,2.03,2.84%,-0.056
563,02-03-12,1.979,1.979,1.979,1.979,-2.51%,0.051
564,05-03-12,2.007,2.007,2.007,2.007,1.41%,-0.028
565,06-03-12,1.95,1.95,1.95,1.95,-2.84%,0.057
566,07-03-12,1.972,1.972,1.972,1.972,1.13%,-0.022
567,08-03-12,2.016,2.016,2.016,2.016,2.23%,-0.044
568,09-03-12,2.03,2.03,2.03,2.03,0.69%,-0.014
569,12-03-12,2.037,2.037,2.037,2.037,0.34%,-0.007
570,13-03-12,2.126,2.126,2.126,2.126,4.37%,-0.089
571,14-03-12,2.274,2.274,2.274,2.274,6.96%,-0.148
572,15-03-12,2.279,2.279,2.279,2.279,0.22%,-0.005
573,16-03-12,2.298,2.298,2.298,2.298,0.83%,-0.019
574,19-03-12,2.375,2.375,2.375,2.375,3.35%,-0.077
575,20-03-12,2.363,2.363,2.363,2.363,-0.51%,0.012
576,21-03-12,2.296,2.296,2.296,2.296,-2.84%,0.067
577,22-03-12,2.282,2.282,2.282,2.282,-0.61%,0.014
578,23-03-12,2.233,2.233,2.233,2.233,-2.15%,0.049
579,26-03-12,2.253,2.253,2.253,2.253,0.90%,-0.02
580,27-03-12,2.187,2.187,2.187,2.187,-2.93%,0.066
581,28-03-12,2.201,2.201,2.201,2.201,0.64%,-0.014
582,29-03-12,2.159,2.159,2.159,2.159,-1.91%,0.042
583,30-03-12,2.214,2.214,2.214,2.214,2.55%,-0.055
584,02-04-12,2.18,2.18,2.18,2.18,-1.54%,0.034
585,03-04-12,2.293,2.293,2.293,2.293,5.18%,-0.113
586,04-04-12,2.223,2.223,2.223,2.223,-3.05%,0.07
587,05-04-12,2.18,2.18,2.18,2.18,-1.93%,0.043
589,09-04-12,2.047,2.047,2.047,2.047,0.00%,0
590,10-04-12,1.986,1.986,1.986,1.986,-2.98%,0.061
591,11-04-12,2.037,2.037,2.037,2.037,2.57%,-0.051
592,12-04-12,2.056,2.056,2.056,2.056,0.93%,-0.019
593,13-04-12,1.989,1.989,1.989,1.989,-3.26%,0.067
594,16-04-12,1.982,1.982,1.982,1.982,-0.35%,0.007
595,17-04-12,1.996,1.996,1.996,1.996,0.71%,-0.014
596,18-04-12,1.975,1.975,1.975,1.975,-1.05%,0.021
597,19-04-12,1.968,1.968,1.968,1.968,-0.35%,0.007
598,20-04-12,1.959,1.959,1.959,1.959,-0.46%,0.009
599,23-04-12,1.94,1.94,1.94,1.94,-0.97%,0.019
600,24-04-12,1.974,1.974,1.974,1.974,1.75%,-0.034
601,25-04-12,1.988,1.988,1.988,1.988,0.71%,-0.014
602,26-04-12,1.947,1.947,1.947,1.947,-2.06%,0.041
603,27-04-12,1.937,1.937,1.937,1.937,-0.51%,0.01
604,30-04-12,1.919,1.919,1.919,1.919,-0.93%,0.018
605,01-05-12,1.945,1.945,1.945,1.945,1.35%,-0.026
606,02-05-12,1.928,1.928,1.928,1.928,-0.87%,0.017
607,03-05-12,1.933,1.933,1.933,1.933,0.26%,-0.005
608,04-05-12,1.879,1.879,1.879,1.879,-2.79%,0.054
609,07-05-12,1.873,1.873,1.873,1.873,-0.32%,0.006
610,08-05-12,1.842,1.842,1.842,1.842,-1.66%,0.031
611,09-05-12,1.826,1.826,1.826,1.826,-0.87%,0.016
612,10-05-12,1.874,1.874,1.874,1.874,2.63%,-0.048
613,11-05-12,1.841,1.841,1.841,1.841,-1.76%,0.033
614,14-05-12,1.769,1.769,1.769,1.769,-3.91%,0.072
615,15-05-12,1.77,1.77,1.77,1.77,0.06%,-0.001
616,16-05-12,1.759,1.759,1.759,1.759,-0.62%,0.011
617,17-05-12,1.69,1.69,1.69,1.69,-3.92%,0.069
618,18-05-12,1.723,1.723,1.723,1.723,1.95%,-0.033
619,21-05-12,1.743,1.743,1.743,1.743,1.16%,-0.02
620,22-05-12,1.777,1.777,1.777,1.777,1.95%,-0.034
621,23-05-12,1.733,1.733,1.733,1.733,-2.48%,0.044
622,24-05-12,1.783,1.783,1.783,1.783,2.89%,-0.05
623,25-05-12,1.746,1.746,1.746,1.746,-2.08%,0.037
625,29-05-12,1.748,1.748,1.748,1.748,0.20%,-0.003
626,30-05-12,1.619,1.619,1.619,1.619,-7.38%,0.129
627,31-05-12,1.563,1.563,1.563,1.563,-3.46%,0.056
628,01-06-12,1.459,1.459,1.459,1.459,-6.65%,0.104
629,04-06-12,1.524,1.524,1.524,1.524,4.46%,-0.065
630,05-06-12,1.573,1.573,1.573,1.573,3.22%,-0.049
631,06-06-12,1.661,1.661,1.661,1.661,5.59%,-0.088
632,07-06-12,1.644,1.644,1.644,1.644,-1.02%,0.017
633,08-06-12,1.632,1.632,1.632,1.632,-0.73%,0.012
634,11-06-12,1.586,1.586,1.586,1.586,-2.82%,0.046
635,12-06-12,1.664,1.664,1.664,1.664,4.92%,-0.078
636,13-06-12,1.599,1.599,1.599,1.599,-3.91%,0.065
637,14-06-12,1.642,1.642,1.642,1.642,2.69%,-0.043
638,15-06-12,1.586,1.586,1.586,1.586,-3.41%,0.056
639,18-06-12,1.574,1.574,1.574,1.574,-0.76%,0.012
640,19-06-12,1.62,1.62,1.62,1.62,2.92%,-0.046
641,20-06-12,1.65,1.65,1.65,1.65,1.85%,-0.03
642,21-06-12,1.62,1.62,1.62,1.62,-1.82%,0.03
643,22-06-12,1.676,1.676,1.676,1.676,3.46%,-0.056
644,25-06-12,1.604,1.604,1.604,1.604,-4.30%,0.072
645,26-06-12,1.628,1.628,1.628,1.628,1.50%,-0.024
646,27-06-12,1.621,1.621,1.621,1.621,-0.43%,0.007
647,28-06-12,1.584,1.584,1.584,1.584,-2.28%,0.037
648,29-06-12,1.643,1.643,1.643,1.643,3.72%,-0.059
649,02-07-12,1.587,1.587,1.587,1.587,-3.41%,0.056
650,03-07-12,1.628,1.628,1.628,1.628,2.58%,-0.041
651,05-07-12,1.599,1.599,1.599,1.599,-1.78%,0.029
652,06-07-12,1.549,1.549,1.549,1.549,-3.13%,0.05
653,09-07-12,1.513,1.513,1.513,1.513,-2.32%,0.036
654,10-07-12,1.502,1.502,1.502,1.502,-0.73%,0.011
655,11-07-12,1.515,1.515,1.515,1.515,0.87%,-0.013
656,12-07-12,1.478,1.478,1.478,1.478,-2.44%,0.037
657,13-07-12,1.491,1.491,1.491,1.491,0.88%,-0.013
658,16-07-12,1.471,1.471,1.471,1.471,-1.34%,0.02
659,17-07-12,1.508,1.508,1.508,1.508,2.52%,-0.037
660,18-07-12,1.494,1.494,1.494,1.494,-0.93%,0.014
661,19-07-12,1.511,1.511,1.511,1.511,1.14%,-0.017
662,20-07-12,1.458,1.458,1.458,1.458,-3.51%,0.053
663,23-07-12,1.438,1.438,1.438,1.438,-1.37%,0.02
664,24-07-12,1.391,1.391,1.391,1.391,-3.27%,0.047
665,25-07-12,1.397,1.397,1.397,1.397,0.43%,-0.006
666,26-07-12,1.438,1.438,1.438,1.438,2.93%,-0.041
667,27-07-12,1.545,1.545,1.545,1.545,7.44%,-0.107
668,30-07-12,1.5,1.5,1.5,1.5,-2.91%,0.045
669,31-07-12,1.47,1.47,1.47,1.47,-2.00%,0.03
670,01-08-12,1.524,1.524,1.524,1.524,3.67%,-0.054
671,02-08-12,1.478,1.478,1.478,1.478,-3.02%,0.046
672,03-08-12,1.568,1.568,1.568,1.568,6.09%,-0.09
673,06-08-12,1.565,1.565,1.565,1.565,-0.19%,0.003
674,07-08-12,1.628,1.628,1.628,1.628,4.03%,-0.063
675,08-08-12,1.651,1.651,1.651,1.651,1.41%,-0.023
676,09-08-12,1.695,1.695,1.695,1.695,2.67%,-0.044
677,10-08-12,1.659,1.659,1.659,1.659,-2.12%,0.036
678,13-08-12,1.666,1.666,1.666,1.666,0.42%,-0.007
679,14-08-12,1.733,1.733,1.733,1.733,4.02%,-0.067
680,15-08-12,1.817,1.817,1.817,1.817,4.85%,-0.084
681,16-08-12,1.835,1.835,1.835,1.835,0.99%,-0.018
682,17-08-12,1.814,1.814,1.814,1.814,-1.14%,0.021
683,20-08-12,1.81,1.81,1.81,1.81,-0.22%,0.004
684,21-08-12,1.802,1.802,1.802,1.802,-0.44%,0.008
685,22-08-12,1.695,1.695,1.695,1.695,-5.94%,0.107
686,23-08-12,1.675,1.675,1.675,1.675,-1.18%,0.02
687,24-08-12,1.687,1.687,1.687,1.687,0.72%,-0.012
688,27-08-12,1.652,1.652,1.652,1.652,-2.07%,0.035
689,28-08-12,1.637,1.637,1.637,1.637,-0.91%,0.015
690,29-08-12,1.652,1.652,1.652,1.652,0.92%,-0.015
691,30-08-12,1.628,1.628,1.628,1.628,-1.45%,0.024
692,31-08-12,1.548,1.548,1.548,1.548,-4.91%,0.08
693,04-09-12,1.574,1.574,1.574,1.574,1.68%,-0.026
694,05-09-12,1.596,1.596,1.596,1.596,1.40%,-0.022
695,06-09-12,1.676,1.676,1.676,1.676,5.01%,-0.08
696,07-09-12,1.668,1.668,1.668,1.668,-0.48%,0.008
697,10-09-12,1.654,1.654,1.654,1.654,-0.84%,0.014
698,11-09-12,1.7,1.7,1.7,1.7,2.78%,-0.046
699,12-09-12,1.758,1.758,1.758,1.758,3.41%,-0.058
700,13-09-12,1.721,1.721,1.721,1.721,-2.10%,0.037
701,14-09-12,1.869,1.869,1.869,1.869,8.60%,-0.148
702,17-09-12,1.843,1.843,1.843,1.843,-1.39%,0.026
703,18-09-12,1.812,1.812,1.812,1.812,-1.68%,0.031
704,19-09-12,1.774,1.774,1.774,1.774,-2.10%,0.038
705,20-09-12,1.765,1.765,1.765,1.765,-0.51%,0.009
706,21-09-12,1.754,1.754,1.754,1.754,-0.62%,0.011
707,24-09-12,1.715,1.715,1.715,1.715,-2.22%,0.039
708,25-09-12,1.671,1.671,1.671,1.671,-2.57%,0.044
709,26-09-12,1.609,1.609,1.609,1.609,-3.71%,0.062
710,27-09-12,1.656,1.656,1.656,1.656,2.92%,-0.047
711,28-09-12,1.633,1.633,1.633,1.633,-1.39%,0.023
712,01-10-12,1.618,1.618,1.618,1.618,-0.92%,0.015
713,02-10-12,1.62,1.62,1.62,1.62,0.12%,-0.002
714,03-10-12,1.616,1.616,1.616,1.616,-0.25%,0.004
715,04-10-12,1.673,1.673,1.673,1.673,3.53%,-0.057
716,05-10-12,1.732,1.732,1.732,1.732,3.53%,-0.059
717,09-10-12,1.713,1.713,1.713,1.713,-1.10%,0.019
718,10-10-12,1.68,1.68,1.68,1.68,-1.93%,0.033
719,11-10-12,1.668,1.668,1.668,1.668,-0.71%,0.012
720,12-10-12,1.656,1.656,1.656,1.656,-0.72%,0.012
721,15-10-12,1.668,1.668,1.668,1.668,0.72%,-0.012
722,16-10-12,1.722,1.722,1.722,1.722,3.24%,-0.054
723,17-10-12,1.822,1.822,1.822,1.822,5.81%,-0.1
724,18-10-12,1.831,1.831,1.831,1.831,0.49%,-0.009
725,19-10-12,1.766,1.766,1.766,1.766,-3.55%,0.065
726,22-10-12,1.815,1.815,1.815,1.815,2.77%,-0.049
727,23-10-12,1.761,1.761,1.761,1.761,-2.98%,0.054
728,24-10-12,1.794,1.794,1.794,1.794,1.87%,-0.033
729,25-10-12,1.812,1.812,1.812,1.812,1.00%,-0.018
730,26-10-12,1.749,1.749,1.749,1.749,-3.48%,0.063
732,31-10-12,1.694,1.694,1.694,1.694,-1.57%,0.027
733,01-11-12,1.73,1.73,1.73,1.73,2.13%,-0.036
734,02-11-12,1.717,1.717,1.717,1.717,-0.75%,0.013
735,05-11-12,1.679,1.679,1.679,1.679,-2.21%,0.038
736,06-11-12,1.751,1.751,1.751,1.751,4.29%,-0.072
737,07-11-12,1.644,1.644,1.644,1.644,-6.11%,0.107
738,08-11-12,1.618,1.618,1.618,1.618,-1.58%,0.026
739,09-11-12,1.613,1.613,1.613,1.613,-0.31%,0.005
740,13-11-12,1.595,1.595,1.595,1.595,-1.12%,0.018
741,14-11-12,1.589,1.589,1.589,1.589,-0.38%,0.006
742,15-11-12,1.595,1.595,1.595,1.595,0.38%,-0.006
743,16-11-12,1.584,1.584,1.584,1.584,-0.69%,0.011
744,19-11-12,1.613,1.613,1.613,1.613,1.83%,-0.029
745,20-11-12,1.668,1.668,1.668,1.668,3.41%,-0.055
746,21-11-12,1.68,1.68,1.68,1.68,0.72%,-0.012
747,23-11-12,1.693,1.693,1.693,1.693,0.77%,-0.013
748,26-11-12,1.666,1.666,1.666,1.666,-1.59%,0.027
749,27-11-12,1.639,1.639,1.639,1.639,-1.62%,0.027
750,28-11-12,1.633,1.633,1.633,1.633,-0.37%,0.006
751,29-11-12,1.62,1.62,1.62,1.62,-0.80%,0.013
752,30-11-12,1.616,1.616,1.616,1.616,-0.25%,0.004
753,03-12-12,1.622,1.622,1.622,1.622,0.37%,-0.006
754,04-12-12,1.605,1.605,1.605,1.605,-1.05%,0.017
755,05-12-12,1.591,1.591,1.591,1.591,-0.87%,0.014
756,06-12-12,1.586,1.586,1.586,1.586,-0.31%,0.005
757,07-12-12,1.623,1.623,1.623,1.623,2.33%,-0.037
758,10-12-12,1.618,1.618,1.618,1.618,-0.31%,0.005
759,11-12-12,1.656,1.656,1.656,1.656,2.35%,-0.038
760,12-12-12,1.702,1.702,1.702,1.702,2.78%,-0.046
761,13-12-12,1.732,1.732,1.732,1.732,1.76%,-0.03
762,14-12-12,1.704,1.704,1.704,1.704,-1.62%,0.028
763,17-12-12,1.773,1.773,1.773,1.773,4.05%,-0.069
764,18-12-12,1.821,1.821,1.821,1.821,2.71%,-0.048
765,19-12-12,1.807,1.807,1.807,1.807,-0.77%,0.014
766,20-12-12,1.8,1.8,1.8,1.8,-0.39%,0.007
767,21-12-12,1.77,1.77,1.77,1.77,-1.67%,0.03
768,24-12-12,1.776,1.776,1.776,1.776,0.34%,-0.006
769,26-12-12,1.749,1.749,1.749,1.749,-1.52%,0.027
770,27-12-12,1.734,1.734,1.734,1.734,-0.86%,0.015
771,28-12-12,1.701,1.701,1.701,1.701,-1.90%,0.033
772,31-12-12,1.756,1.756,1.756,1.756,3.23%,-0.055
773,02-01-13,1.835,1.835,1.835,1.835,4.50%,-0.079
774,03-01-13,1.911,1.911,1.911,1.911,4.14%,-0.076
775,04-01-13,1.903,1.903,1.903,1.903,-0.42%,0.008
776,07-01-13,1.901,1.901,1.901,1.901,-0.11%,0.002
777,08-01-13,1.864,1.864,1.864,1.864,-1.95%,0.037
778,09-01-13,1.86,1.86,1.86,1.86,-0.21%,0.004
779,10-01-13,1.899,1.899,1.899,1.899,2.10%,-0.039
780,11-01-13,1.866,1.866,1.866,1.866,-1.74%,0.033
781,14-01-13,1.848,1.848,1.848,1.848,-0.96%,0.018
782,15-01-13,1.836,1.836,1.836,1.836,-0.65%,0.012
783,16-01-13,1.819,1.819,1.819,1.819,-0.93%,0.017
784,17-01-13,1.884,1.884,1.884,1.884,3.57%,-0.065
785,18-01-13,1.84,1.84,1.84,1.84,-2.34%,0.044
786,22-01-13,1.843,1.843,1.843,1.843,0.16%,-0.003
787,23-01-13,1.828,1.828,1.828,1.828,-0.81%,0.015
788,24-01-13,1.852,1.852,1.852,1.852,1.31%,-0.024
789,25-01-13,1.949,1.949,1.949,1.949,5.24%,-0.097
790,28-01-13,1.965,1.965,1.965,1.965,0.82%,-0.016
791,29-01-13,1.999,1.999,1.999,1.999,1.73%,-0.034
792,30-01-13,1.992,1.992,1.992,1.992,-0.35%,0.007
793,31-01-13,1.985,1.985,1.985,1.985,-0.35%,0.007
794,01-02-13,2.025,2.025,2.025,2.025,2.02%,-0.04
795,04-02-13,1.957,1.957,1.957,1.957,-3.36%,0.068
796,05-02-13,2.005,2.005,2.005,2.005,2.45%,-0.048
797,06-02-13,1.964,1.964,1.964,1.964,-2.04%,0.041
798,07-02-13,1.959,1.959,1.959,1.959,-0.25%,0.005
799,08-02-13,1.95,1.95,1.95,1.95,-0.46%,0.009
800,11-02-13,1.964,1.964,1.964,1.964,0.72%,-0.014
801,12-02-13,1.979,1.979,1.979,1.979,0.76%,-0.015
802,13-02-13,2.028,2.028,2.028,2.028,2.48%,-0.049
803,14-02-13,1.998,1.998,1.998,1.998,-1.48%,0.03
804,15-02-13,2.005,2.005,2.005,2.005,0.35%,-0.007
805,19-02-13,2.028,2.028,2.028,2.028,1.15%,-0.023
806,20-02-13,2.01,2.01,2.01,2.01,-0.89%,0.018
807,21-02-13,1.974,1.974,1.974,1.974,-1.79%,0.036
808,22-02-13,1.962,1.962,1.962,1.962,-0.61%,0.012
809,25-02-13,1.865,1.865,1.865,1.865,-4.94%,0.097
810,26-02-13,1.886,1.886,1.886,1.886,1.13%,-0.021
811,27-02-13,1.9,1.9,1.9,1.9,0.74%,-0.014
812,28-02-13,1.881,1.881,1.881,1.881,-1.00%,0.019
813,01-03-13,1.845,1.845,1.845,1.845,-1.91%,0.036
814,04-03-13,1.879,1.879,1.879,1.879,1.84%,-0.034
815,05-03-13,1.898,1.898,1.898,1.898,1.01%,-0.019
816,06-03-13,1.939,1.939,1.939,1.939,2.16%,-0.041
817,07-03-13,1.995,1.995,1.995,1.995,2.89%,-0.056
818,08-03-13,2.049,2.049,2.049,2.049,2.71%,-0.054
819,11-03-13,2.061,2.061,2.061,2.061,0.59%,-0.012
820,12-03-13,2.019,2.019,2.019,2.019,-2.04%,0.042
821,13-03-13,2.023,2.023,2.023,2.023,0.20%,-0.004
822,14-03-13,2.037,2.037,2.037,2.037,0.69%,-0.014
823,15-03-13,1.991,1.991,1.991,1.991,-2.26%,0.046
824,18-03-13,1.955,1.955,1.955,1.955,-1.81%,0.036
825,19-03-13,1.904,1.904,1.904,1.904,-2.61%,0.051
826,20-03-13,1.958,1.958,1.958,1.958,2.84%,-0.054
827,21-03-13,1.915,1.915,1.915,1.915,-2.20%,0.043
828,22-03-13,1.927,1.927,1.927,1.927,0.63%,-0.012
829,25-03-13,1.92,1.92,1.92,1.92,-0.36%,0.007
830,26-03-13,1.911,1.911,1.911,1.911,-0.47%,0.009
831,27-03-13,1.845,1.845,1.845,1.845,-3.45%,0.066
832,28-03-13,1.852,1.852,1.852,1.852,0.38%,-0.007
833,01-04-13,1.835,1.835,1.835,1.835,-0.92%,0.017
834,02-04-13,1.862,1.862,1.862,1.862,1.47%,-0.027
835,03-04-13,1.816,1.816,1.816,1.816,-2.47%,0.046
836,04-04-13,1.766,1.766,1.766,1.766,-2.75%,0.05
837,05-04-13,1.714,1.714,1.714,1.714,-2.94%,0.052
838,08-04-13,1.745,1.745,1.745,1.745,1.81%,-0.031
839,09-04-13,1.752,1.752,1.752,1.752,0.40%,-0.007
840,10-04-13,1.805,1.805,1.805,1.805,3.03%,-0.053
841,11-04-13,1.791,1.791,1.791,1.791,-0.78%,0.014
842,12-04-13,1.721,1.721,1.721,1.721,-3.91%,0.07
843,15-04-13,1.688,1.688,1.688,1.688,-1.92%,0.033
844,16-04-13,1.722,1.722,1.722,1.722,2.01%,-0.034
845,17-04-13,1.698,1.698,1.698,1.698,-1.39%,0.024
846,18-04-13,1.686,1.686,1.686,1.686,-0.71%,0.012
847,19-04-13,1.705,1.705,1.705,1.705,1.13%,-0.019
848,22-04-13,1.695,1.695,1.695,1.695,-0.59%,0.01
849,23-04-13,1.706,1.706,1.706,1.706,0.65%,-0.011
850,24-04-13,1.703,1.703,1.703,1.703,-0.18%,0.003
851,25-04-13,1.71,1.71,1.71,1.71,0.41%,-0.007
852,26-04-13,1.665,1.665,1.665,1.665,-2.63%,0.045
853,29-04-13,1.667,1.667,1.667,1.667,0.12%,-0.002
854,30-04-13,1.673,1.673,1.673,1.673,0.36%,-0.006
855,01-05-13,1.632,1.632,1.632,1.632,-2.45%,0.041
856,02-05-13,1.624,1.624,1.624,1.624,-0.49%,0.008
857,03-05-13,1.74,1.74,1.74,1.74,7.14%,-0.116
858,06-05-13,1.764,1.764,1.764,1.764,1.38%,-0.024
859,07-05-13,1.78,1.78,1.78,1.78,0.91%,-0.016
860,08-05-13,1.767,1.767,1.767,1.767,-0.73%,0.013
861,09-05-13,1.813,1.813,1.813,1.813,2.60%,-0.046
862,10-05-13,1.9,1.9,1.9,1.9,4.80%,-0.087
864,13-05-13,1.917,1.917,1.917,1.917,0.90%,-0.017
865,14-05-13,1.982,1.982,1.982,1.982,3.39%,-0.065
866,15-05-13,1.94,1.94,1.94,1.94,-2.12%,0.042
867,16-05-13,1.879,1.879,1.879,1.879,-3.14%,0.061
868,17-05-13,1.954,1.954,1.954,1.954,3.99%,-0.075
870,20-05-13,1.965,1.965,1.965,1.965,0.56%,-0.011
871,21-05-13,1.93,1.93,1.93,1.93,-1.78%,0.035
872,22-05-13,2.037,2.037,2.037,2.037,5.54%,-0.107
873,23-05-13,2.016,2.016,2.016,2.016,-1.03%,0.021
874,24-05-13,2.011,2.011,2.011,2.011,-0.25%,0.005
876,28-05-13,2.167,2.167,2.167,2.167,7.77%,-0.156
877,29-05-13,2.119,2.119,2.119,2.119,-2.22%,0.048
878,30-05-13,2.119,2.119,2.119,2.119,0.00%,0
879,31-05-13,2.132,2.132,2.132,2.132,0.61%,-0.013
881,03-06-13,2.128,2.128,2.128,2.128,-0.17%,0.004
882,04-06-13,2.15,2.15,2.15,2.15,1.03%,-0.022
883,05-06-13,2.091,2.091,2.091,2.091,-2.74%,0.059
884,06-06-13,2.079,2.079,2.079,2.079,-0.57%,0.012
885,07-06-13,2.179,2.179,2.179,2.179,4.81%,-0.1
887,10-06-13,2.213,2.213,2.213,2.213,1.56%,-0.034
888,11-06-13,2.19,2.19,2.19,2.19,-1.04%,0.023
889,12-06-13,2.228,2.228,2.228,2.228,1.74%,-0.038
890,13-06-13,2.149,2.149,2.149,2.149,-3.55%,0.079
891,14-06-13,2.13,2.13,2.13,2.13,-0.88%,0.019
894,17-06-13,2.178,2.178,2.178,2.178,2.28%,-0.049
895,18-06-13,2.185,2.185,2.185,2.185,0.32%,-0.007
896,19-06-13,2.354,2.354,2.354,2.354,7.73%,-0.169
897,20-06-13,2.421,2.421,2.421,2.421,2.85%,-0.067
898,21-06-13,2.542,2.542,2.542,2.542,5.00%,-0.121
901,24-06-13,2.544,2.544,2.544,2.544,0.07%,-0.002
902,25-06-13,2.612,2.612,2.612,2.612,2.67%,-0.068
903,26-06-13,2.541,2.541,2.541,2.541,-2.72%,0.071
904,27-06-13,2.474,2.474,2.474,2.474,-2.64%,0.067
905,28-06-13,2.487,2.487,2.487,2.487,0.53%,-0.013
907,01-07-13,2.477,2.477,2.477,2.477,-0.42%,0.01
908,02-07-13,2.471,2.471,2.471,2.471,-0.24%,0.006
909,03-07-13,2.503,2.503,2.503,2.503,1.30%,-0.032
911,05-07-13,2.736,2.736,2.736,2.736,9.30%,-0.233
913,08-07-13,2.638,2.638,2.638,2.638,-3.59%,0.098
914,09-07-13,2.64,2.64,2.64,2.64,0.08%,-0.002
915,10-07-13,2.674,2.674,2.674,2.674,1.29%,-0.034
916,11-07-13,2.572,2.572,2.572,2.572,-3.81%,0.102
917,12-07-13,2.592,2.592,2.592,2.592,0.78%,-0.02
919,15-07-13,2.543,2.543,2.543,2.543,-1.88%,0.049
920,16-07-13,2.532,2.532,2.532,2.532,-0.43%,0.011
921,17-07-13,2.491,2.491,2.491,2.491,-1.62%,0.041
922,18-07-13,2.534,2.534,2.534,2.534,1.73%,-0.043
923,19-07-13,2.482,2.482,2.482,2.482,-2.05%,0.052
925,22-07-13,2.484,2.484,2.484,2.484,0.08%,-0.002
926,23-07-13,2.507,2.507,2.507,2.507,0.93%,-0.023
927,24-07-13,2.584,2.584,2.584,2.584,3.07%,-0.077
928,25-07-13,2.577,2.577,2.577,2.577,-0.27%,0.007
929,26-07-13,2.564,2.564,2.564,2.564,-0.50%,0.013
931,29-07-13,2.599,2.599,2.599,2.599,1.35%,-0.035
932,30-07-13,2.606,2.606,2.606,2.606,0.27%,-0.007
933,31-07-13,2.588,2.588,2.588,2.588,-0.69%,0.018
934,01-08-13,2.708,2.708,2.708,2.708,4.64%,-0.12
935,02-08-13,2.598,2.598,2.598,2.598,-4.06%,0.11
937,05-08-13,2.64,2.64,2.64,2.64,1.62%,-0.042
938,06-08-13,2.642,2.642,2.642,2.642,0.08%,-0.002
939,07-08-13,2.599,2.599,2.599,2.599,-1.63%,0.043
940,08-08-13,2.587,2.587,2.587,2.587,-0.46%,0.012
941,09-08-13,2.58,2.58,2.58,2.58,-0.27%,0.007
944,12-08-13,2.622,2.622,2.622,2.622,1.83%,-0.047
945,13-08-13,2.721,2.721,2.721,2.721,3.78%,-0.099
946,14-08-13,2.712,2.712,2.712,2.712,-0.33%,0.009
947,15-08-13,2.764,2.764,2.764,2.764,1.92%,-0.052
948,16-08-13,2.825,2.825,2.825,2.825,2.21%,-0.061
950,19-08-13,2.882,2.882,2.882,2.882,1.29%,-0.037
951,20-08-13,2.818,2.818,2.818,2.818,-2.22%,0.064
952,21-08-13,2.892,2.892,2.892,2.892,2.63%,-0.074
953,22-08-13,2.892,2.892,2.892,2.892,0.00%,0
954,23-08-13,2.818,2.818,2.818,2.818,-2.56%,0.074
956,26-08-13,2.787,2.824,2.84,2.783,-1.30%,0.037
957,27-08-13,2.709,2.798,2.813,2.707,-2.80%,0.078
958,28-08-13,2.765,2.718,2.795,2.705,2.07%,-0.056
959,29-08-13,2.762,2.778,2.831,2.743,-0.11%,0.003
960,30-08-13,2.789,2.771,2.793,2.744,0.98%,-0.027
963,03-09-13,2.863,2.837,2.913,2.813,0.97%,-0.028
964,04-09-13,2.897,2.865,2.908,2.847,1.19%,-0.034
965,05-09-13,2.996,2.895,3.001,2.885,3.42%,-0.099
966,06-09-13,2.934,2.99,3.007,2.864,-2.07%,0.062
969,09-09-13,2.914,2.942,2.951,2.875,-0.94%,0.028
970,10-09-13,2.966,2.918,2.972,2.916,1.78%,-0.052
971,11-09-13,2.912,2.97,2.979,2.908,-1.82%,0.054
972,12-09-13,2.905,2.92,2.92,2.862,-0.24%,0.007
973,13-09-13,2.89,2.914,2.957,2.879,-0.52%,0.015
975,16-09-13,2.862,2.89,2.89,2.777,-0.98%,0.028
976,17-09-13,2.849,2.868,2.874,2.829,-0.45%,0.013
977,18-09-13,2.692,2.844,2.9,2.673,-5.51%,0.157
978,19-09-13,2.752,2.704,2.757,2.675,2.23%,-0.06
979,20-09-13,2.736,2.752,2.774,2.717,-0.58%,0.016
981,23-09-13,2.701,2.736,2.758,2.697,-1.26%,0.035
982,24-09-13,2.655,2.703,2.708,2.642,-1.70%,0.046
983,25-09-13,2.626,2.657,2.666,2.61,-1.09%,0.029
984,26-09-13,2.648,2.635,2.659,2.622,0.84%,-0.022
985,27-09-13,2.628,2.648,2.67,2.605,-0.76%,0.02
987,30-09-13,2.615,2.595,2.645,2.59,0.76%,-0.02
988,01-10-13,2.65,2.614,2.666,2.612,1.34%,-0.035
989,02-10-13,2.619,2.659,2.661,2.592,-1.17%,0.031
990,03-10-13,2.605,2.617,2.652,2.581,-0.53%,0.014
991,04-10-13,2.645,2.61,2.659,2.61,1.54%,-0.04
993,07-10-13,2.63,2.634,2.637,2.606,-0.21%,0.006
994,08-10-13,2.638,2.626,2.659,2.614,0.30%,-0.008
995,09-10-13,2.661,2.623,2.674,2.616,0.87%,-0.023
996,10-10-13,2.683,2.667,2.722,2.667,0.83%,-0.022
997,11-10-13,2.691,2.687,2.693,2.645,0.30%,-0.008
998,14-10-13,2.74,2.74,2.742,2.737,1.84%,-0.049
999,15-10-13,2.728,2.739,2.74,2.691,-0.46%,0.012
1000,16-10-13,2.667,2.74,2.759,2.663,-2.24%,0.061
1001,17-10-13,2.592,2.671,2.672,2.581,-2.81%,0.075
1002,18-10-13,2.583,2.601,2.605,2.54,-0.35%,0.009
1004,21-10-13,2.601,2.59,2.62,2.579,0.48%,-0.012
1005,22-10-13,2.511,2.607,2.611,2.509,-3.46%,0.09
1006,23-10-13,2.498,2.507,2.509,2.471,-0.52%,0.013
1007,24-10-13,2.52,2.5,2.522,2.474,0.88%,-0.022
1008,25-10-13,2.511,2.52,2.522,2.494,-0.36%,0.009
1010,28-10-13,2.523,2.514,2.527,2.5,0.42%,-0.011
1011,29-10-13,2.503,2.52,2.536,2.5,-0.79%,0.02
1012,30-10-13,2.538,2.509,2.549,2.473,1.40%,-0.035
1013,31-10-13,2.552,2.542,2.571,2.502,0.55%,-0.014
1014,01-11-13,2.62,2.56,2.629,2.554,2.66%,-0.068
1016,04-11-13,2.603,2.615,2.624,2.589,-0.65%,0.017
1017,05-11-13,2.67,2.602,2.677,2.594,2.57%,-0.067
1018,06-11-13,2.644,2.668,2.673,2.631,-0.97%,0.026
1019,07-11-13,2.602,2.644,2.651,2.596,-1.59%,0.042
1020,08-11-13,2.751,2.602,2.763,2.593,5.73%,-0.149
1021,11-11-13,2.768,2.751,2.768,2.751,0.62%,-0.017
1022,12-11-13,2.774,2.766,2.792,2.753,0.21%,-0.006
1023,13-11-13,2.716,2.77,2.772,2.688,-2.09%,0.058
1024,14-11-13,2.693,2.718,2.739,2.684,-0.85%,0.023
1025,15-11-13,2.703,2.696,2.732,2.691,0.37%,-0.01
1027,18-11-13,2.666,2.714,2.721,2.662,-1.77%,0.048
1028,19-11-13,2.712,2.669,2.716,2.66,1.73%,-0.046
1029,20-11-13,2.804,2.707,2.806,2.685,3.39%,-0.092
1030,21-11-13,2.788,2.811,2.839,2.775,-0.57%,0.016
1031,22-11-13,2.744,2.784,2.793,2.744,-1.58%,0.044
1033,25-11-13,2.73,2.755,2.77,2.728,-0.85%,0.023
1034,26-11-13,2.71,2.719,2.734,2.694,-0.73%,0.02
1035,27-11-13,2.739,2.714,2.77,2.708,1.07%,-0.029
1037,29-11-13,2.746,2.746,2.768,2.736,-0.08%,0.002
1039,02-12-13,2.797,2.753,2.81,2.752,1.65%,-0.045
1040,03-12-13,2.784,2.801,2.806,2.757,-0.46%,0.013
1041,04-12-13,2.837,2.788,2.852,2.777,1.90%,-0.053
1042,05-12-13,2.873,2.835,2.877,2.822,1.27%,-0.036
1043,06-12-13,2.857,2.879,2.932,2.841,-0.56%,0.016
1045,09-12-13,2.841,2.864,2.866,2.833,-0.88%,0.025
1046,10-12-13,2.803,2.844,2.85,2.792,-1.34%,0.038
1047,11-12-13,2.855,2.821,2.859,2.803,1.86%,-0.052
1048,12-12-13,2.879,2.859,2.888,2.841,0.84%,-0.024
1049,13-12-13,2.866,2.877,2.89,2.854,-0.45%,0.013
1051,16-12-13,2.879,2.866,2.887,2.839,0.37%,-0.011
1052,17-12-13,2.837,2.874,2.887,2.835,-1.46%,0.042
1053,18-12-13,2.896,2.841,2.929,2.824,2.08%,-0.059
1054,19-12-13,2.929,2.887,2.951,2.878,1.14%,-0.033
1055,20-12-13,2.89,2.94,2.966,2.879,-1.33%,0.039
1057,23-12-13,2.931,2.891,2.935,2.876,1.59%,-0.046
1058,24-12-13,2.981,2.929,2.987,2.922,1.71%,-0.05
1060,26-12-13,2.992,2.998,3,2.951,-0.26%,0.008
1061,27-12-13,3.002,2.989,3.02,2.972,0.33%,-0.01
1063,30-12-13,2.972,3.006,3.015,2.967,-1.12%,0.034
1064,31-12-13,3.026,2.98,3.036,2.98,1.82%,-0.054
1066,02-01-14,2.991,3.038,3.041,2.978,-1.17%,0.035
1067,03-01-14,2.998,2.984,3.012,2.969,0.23%,-0.007
1069,06-01-14,2.958,3.013,3.013,2.947,-1.78%,0.054
1070,07-01-14,2.941,2.961,2.967,2.937,-0.57%,0.017
1071,08-01-14,2.991,2.945,3.01,2.945,1.70%,-0.05
1072,09-01-14,2.969,2.987,3.001,2.96,-0.74%,0.022
1073,10-01-14,2.86,2.973,2.974,2.856,-3.67%,0.109
1075,13-01-14,2.829,2.864,2.865,2.819,-1.01%,0.029
1076,14-01-14,2.873,2.836,2.875,2.829,1.56%,-0.044
1077,15-01-14,2.893,2.875,2.912,2.86,0.70%,-0.02
1078,16-01-14,2.841,2.893,2.893,2.838,-1.80%,0.052
1079,17-01-14,2.821,2.845,2.86,2.818,-0.70%,0.02
1081,21-01-14,2.832,2.827,2.867,2.819,0.12%,-0.003
1082,22-01-14,2.867,2.83,2.867,2.829,1.24%,-0.035
1083,23-01-14,2.779,2.871,2.873,2.759,-3.07%,0.088
1084,24-01-14,2.719,2.781,2.788,2.706,-2.16%,0.06
1086,27-01-14,2.75,2.715,2.768,2.71,1.29%,-0.035
1087,28-01-14,2.752,2.753,2.785,2.739,0.07%,-0.002
1088,29-01-14,2.679,2.775,2.79,2.662,-2.65%,0.073
1089,30-01-14,2.697,2.688,2.726,2.675,0.67%,-0.018
1090,31-01-14,2.644,2.699,2.71,2.646,-1.97%,0.053
1092,03-02-14,2.577,2.666,2.68,2.57,-3.33%,0.089
1093,04-02-14,2.631,2.586,2.635,2.575,2.10%,-0.054
1094,05-02-14,2.669,2.629,2.675,2.599,1.44%,-0.038
1095,06-02-14,2.702,2.669,2.709,2.658,1.24%,-0.033
1096,07-02-14,2.684,2.7,2.726,2.633,-0.67%,0.018
1098,10-02-14,2.669,2.684,2.695,2.664,-0.55%,0.015
1099,11-02-14,2.726,2.682,2.733,2.682,2.14%,-0.057
1100,12-02-14,2.763,2.72,2.777,2.715,1.36%,-0.037
1101,13-02-14,2.734,2.786,2.786,2.727,-1.05%,0.029
1102,14-02-14,2.745,2.739,2.755,2.711,0.40%,-0.011
1104,18-02-14,2.709,2.75,2.763,2.696,-1.43%,0.039
1105,19-02-14,2.739,2.707,2.743,2.675,1.11%,-0.03
1106,20-02-14,2.752,2.734,2.773,2.698,0.47%,-0.013
1107,21-02-14,2.732,2.755,2.781,2.73,-0.73%,0.02
1109,24-02-14,2.741,2.736,2.763,2.721,0.14%,-0.004
1110,25-02-14,2.703,2.744,2.748,2.698,-1.39%,0.038
1111,26-02-14,2.666,2.707,2.719,2.662,-1.37%,0.037
1112,27-02-14,2.639,2.673,2.678,2.635,-1.01%,0.027
1113,28-02-14,2.649,2.646,2.698,2.633,0.38%,-0.01
1115,03-03-14,2.603,2.61,2.635,2.592,-0.20%,0.005
1116,04-03-14,2.701,2.605,2.703,2.603,3.76%,-0.098
1117,05-03-14,2.708,2.692,2.719,2.68,0.26%,-0.007
1118,06-03-14,2.739,2.703,2.748,2.698,1.14%,-0.031
1119,07-03-14,2.79,2.744,2.821,2.721,1.86%,-0.051
1121,10-03-14,2.779,2.79,2.804,2.764,-0.38%,0.011
1122,11-03-14,2.77,2.783,2.799,2.763,-0.32%,0.009
1123,12-03-14,2.732,2.77,2.773,2.714,-1.37%,0.038
1124,13-03-14,2.645,2.734,2.755,2.642,-3.18%,0.087
1125,14-03-14,2.656,2.647,2.667,2.61,0.42%,-0.011
1127,17-03-14,2.694,2.642,2.699,2.638,2.05%,-0.054
1128,18-03-14,2.674,2.694,2.701,2.661,-0.74%,0.02
1129,19-03-14,2.773,2.674,2.793,2.661,3.70%,-0.099
1130,20-03-14,2.773,2.768,2.793,2.743,0.00%,0
1131,21-03-14,2.746,2.766,2.784,2.741,-0.97%,0.027
1133,24-03-14,2.73,2.757,2.783,2.721,-0.98%,0.027
1134,25-03-14,2.75,2.735,2.763,2.721,0.73%,-0.02
1135,26-03-14,2.694,2.75,2.763,2.685,-2.04%,0.056
1136,27-03-14,2.683,2.695,2.714,2.659,-0.41%,0.011
1137,28-03-14,2.723,2.685,2.734,2.67,1.49%,-0.04
1139,31-03-14,2.719,2.724,2.768,2.719,-0.20%,0.005
1140,01-04-14,2.755,2.726,2.766,2.724,1.32%,-0.036
1141,02-04-14,2.806,2.757,2.81,2.755,1.85%,-0.051
1142,03-04-14,2.801,2.806,2.806,2.777,-0.18%,0.005
1143,04-04-14,2.726,2.799,2.801,2.721,-2.68%,0.075
1145,07-04-14,2.701,2.723,2.735,2.683,-0.72%,0.02
1146,08-04-14,2.683,2.708,2.721,2.674,-0.67%,0.018
1147,09-04-14,2.693,2.684,2.723,2.674,0.37%,-0.01
1148,10-04-14,2.647,2.695,2.703,2.614,-1.71%,0.046
1149,11-04-14,2.628,2.641,2.657,2.607,-0.72%,0.019
1151,14-04-14,2.65,2.603,2.657,2.603,1.80%,-0.047
1152,15-04-14,2.63,2.646,2.663,2.596,-0.75%,0.02
1153,16-04-14,2.635,2.626,2.661,2.625,0.19%,-0.005
1154,17-04-14,2.721,2.632,2.726,2.623,3.26%,-0.086
1156,21-04-14,2.715,2.719,2.733,2.688,-0.14%,0.004
1157,22-04-14,2.711,2.717,2.748,2.699,-0.15%,0.004
1158,23-04-14,2.693,2.717,2.722,2.677,-0.66%,0.018
1159,24-04-14,2.682,2.702,2.733,2.681,-0.41%,0.011
1160,25-04-14,2.666,2.686,2.69,2.644,-0.60%,0.016
1162,28-04-14,2.708,2.675,2.71,2.668,1.30%,-0.035
1163,29-04-14,2.697,2.708,2.731,2.688,-0.41%,0.011
1164,30-04-14,2.646,2.691,2.717,2.644,-1.89%,0.051
1165,01-05-14,2.613,2.659,2.662,2.593,-1.25%,0.033
1166,02-05-14,2.586,2.615,2.7,2.573,-1.03%,0.027
1168,05-05-14,2.606,2.575,2.613,2.572,0.77%,-0.02
1169,06-05-14,2.593,2.606,2.626,2.586,-0.50%,0.013
1170,07-05-14,2.59,2.599,2.617,2.577,-0.12%,0.003
1171,08-05-14,2.611,2.623,2.634,2.58,0.81%,-0.021
1172,09-05-14,2.623,2.611,2.636,2.591,0.46%,-0.012
1174,12-05-14,2.661,2.631,2.665,2.631,1.09%,-0.029
1175,13-05-14,2.611,2.661,2.661,2.607,-1.88%,0.05
1176,14-05-14,2.548,2.616,2.62,2.525,-2.41%,0.063
1177,15-05-14,2.496,2.543,2.562,2.473,-2.04%,0.052
1178,16-05-14,2.523,2.495,2.527,2.489,1.08%,-0.027
1180,19-05-14,2.545,2.521,2.546,2.495,0.94%,-0.024
1181,20-05-14,2.514,2.543,2.553,2.502,-1.22%,0.031
1182,21-05-14,2.534,2.509,2.561,2.5,0.80%,-0.02
1183,22-05-14,2.554,2.543,2.568,2.534,0.79%,-0.02
1184,23-05-14,2.536,2.552,2.557,2.518,-0.70%,0.018
1187,27-05-14,2.518,2.539,2.553,2.512,-0.91%,0.023
1188,28-05-14,2.445,2.514,2.516,2.434,-2.90%,0.073
1189,29-05-14,2.47,2.448,2.47,2.402,1.02%,-0.025
1190,30-05-14,2.475,2.466,2.491,2.452,0.20%,-0.005
1192,02-06-14,2.527,2.484,2.541,2.475,1.81%,-0.045
1193,03-06-14,2.599,2.529,2.6,2.518,2.85%,-0.072
1194,04-06-14,2.606,2.595,2.615,2.568,0.27%,-0.007
1195,05-06-14,2.584,2.597,2.647,2.57,-0.84%,0.022
1196,06-06-14,2.597,2.582,2.602,2.53,0.50%,-0.013
1198,09-06-14,2.608,2.595,2.628,2.595,0.57%,-0.015
1199,10-06-14,2.64,2.602,2.651,2.59,1.23%,-0.032
1200,11-06-14,2.64,2.653,2.662,2.613,0.00%,0
1201,12-06-14,2.597,2.644,2.658,2.575,-1.63%,0.043
1202,13-06-14,2.608,2.606,2.644,2.586,0.42%,-0.011
1204,16-06-14,2.597,2.602,2.613,2.577,-0.21%,0.005
1205,17-06-14,2.653,2.601,2.657,2.588,2.16%,-0.056
1206,18-06-14,2.59,2.659,2.66,2.586,-2.37%,0.063
1207,19-06-14,2.621,2.59,2.646,2.565,1.20%,-0.031
1208,20-06-14,2.608,2.622,2.659,2.606,-0.50%,0.013
1210,23-06-14,2.626,2.612,2.63,2.59,0.55%,-0.014
1211,24-06-14,2.577,2.619,2.621,2.575,-1.87%,0.049
1212,25-06-14,2.561,2.577,2.588,2.529,-0.62%,0.016
1213,26-06-14,2.532,2.561,2.568,2.516,-1.13%,0.029
1214,27-06-14,2.536,2.527,2.536,2.507,0.16%,-0.004
1216,30-06-14,2.532,2.529,2.548,2.514,0.06%,-0.002
1217,01-07-14,2.567,2.53,2.57,2.521,1.38%,-0.035
1218,02-07-14,2.628,2.568,2.63,2.548,2.38%,-0.061
1219,03-07-14,2.641,2.625,2.692,2.615,0.49%,-0.013
1221,07-07-14,2.614,2.656,2.661,2.608,-1.64%,0.044
1222,08-07-14,2.559,2.616,2.621,2.554,-2.10%,0.055
1223,09-07-14,2.556,2.559,2.603,2.543,-0.12%,0.003
1224,10-07-14,2.538,2.558,2.558,2.494,-0.70%,0.018
1225,11-07-14,2.516,2.536,2.547,2.505,-0.87%,0.022
1228,14-07-14,2.547,2.525,2.55,2.518,0.94%,-0.024
1229,15-07-14,2.552,2.547,2.57,2.52,0.20%,-0.005
1230,16-07-14,2.53,2.547,2.569,2.527,-0.86%,0.022
1231,17-07-14,2.442,2.525,2.527,2.441,-3.48%,0.088
1232,18-07-14,2.482,2.451,2.502,2.448,1.64%,-0.04
1234,21-07-14,2.469,2.482,2.491,2.448,-0.52%,0.013
1235,22-07-14,2.466,2.473,2.505,2.46,-0.12%,0.003
1236,23-07-14,2.469,2.467,2.478,2.449,0.12%,-0.003
1237,24-07-14,2.502,2.469,2.522,2.458,1.34%,-0.033
1238,25-07-14,2.467,2.503,2.52,2.464,-1.40%,0.035
1240,28-07-14,2.487,2.471,2.496,2.466,0.72%,-0.018
1241,29-07-14,2.462,2.491,2.498,2.451,-1.01%,0.025
1242,30-07-14,2.56,2.46,2.569,2.458,3.98%,-0.098
1243,31-07-14,2.562,2.558,2.614,2.538,0.08%,-0.002
1244,01-08-14,2.494,2.562,2.591,2.482,-2.65%,0.068
1247,04-08-14,2.485,2.502,2.513,2.471,-0.59%,0.015
1248,05-08-14,2.489,2.487,2.525,2.473,0.16%,-0.004
1249,06-08-14,2.469,2.487,2.489,2.433,-0.80%,0.02
1250,07-08-14,2.409,2.471,2.482,2.408,-2.43%,0.06
1251,08-08-14,2.422,2.42,2.426,2.349,0.54%,-0.013
1253,11-08-14,2.429,2.431,2.44,2.411,-0.09%,0.002
1254,12-08-14,2.449,2.431,2.451,2.415,0.82%,-0.02
1255,13-08-14,2.42,2.458,2.471,2.408,-1.18%,0.029
1256,14-08-14,2.403,2.43,2.442,2.391,-0.70%,0.017
1257,15-08-14,2.341,2.407,2.412,2.303,-2.58%,0.062
1259,18-08-14,2.394,2.356,2.398,2.352,1.56%,-0.037
1260,19-08-14,2.403,2.396,2.407,2.361,0.38%,-0.009
1261,20-08-14,2.428,2.401,2.446,2.398,1.04%,-0.025
1262,21-08-14,2.409,2.434,2.448,2.398,-0.78%,0.019
1263,22-08-14,2.403,2.41,2.444,2.378,-0.25%,0.006
1265,25-08-14,2.384,2.41,2.432,2.377,-1.10%,0.026
1266,26-08-14,2.398,2.384,2.4,2.368,0.59%,-0.014
1267,27-08-14,2.361,2.393,2.394,2.357,-1.54%,0.037
1268,28-08-14,2.338,2.357,2.357,2.322,-0.97%,0.023
1269,29-08-14,2.345,2.343,2.354,2.325,0.30%,-0.007
1272,02-09-14,2.423,2.357,2.425,2.354,2.71%,-0.064
1273,03-09-14,2.398,2.419,2.467,2.396,-1.03%,0.025
1274,04-09-14,2.453,2.403,2.457,2.382,2.29%,-0.055
1275,05-09-14,2.459,2.468,2.487,2.387,0.24%,-0.006
1277,08-09-14,2.471,2.45,2.48,2.421,0.87%,-0.021
1278,09-09-14,2.502,2.48,2.509,2.478,1.25%,-0.031
1279,10-09-14,2.543,2.5,2.543,2.493,1.64%,-0.041
1280,11-09-14,2.55,2.532,2.554,2.507,0.28%,-0.007
1281,12-09-14,2.609,2.547,2.616,2.545,2.31%,-0.059
1284,15-09-14,2.591,2.612,2.651,2.582,-0.82%,0.021
1285,16-09-14,2.594,2.591,2.596,2.553,0.12%,-0.003
1286,17-09-14,2.622,2.591,2.625,2.547,1.08%,-0.028
1287,18-09-14,2.618,2.629,2.642,2.594,-0.15%,0.004
1288,19-09-14,2.578,2.629,2.655,2.575,-1.53%,0.04
1290,22-09-14,2.566,2.569,2.578,2.547,-0.19%,0.005
1291,23-09-14,2.527,2.556,2.556,2.527,-1.52%,0.039
1292,24-09-14,2.566,2.531,2.569,2.527,1.54%,-0.039
1293,25-09-14,2.504,2.567,2.571,2.502,-2.42%,0.062
1294,26-09-14,2.528,2.506,2.549,2.49,0.96%,-0.024
1297,29-09-14,2.479,2.524,2.54,2.479,-1.85%,0.047
1298,30-09-14,2.495,2.479,2.524,2.479,0.65%,-0.016
1299,01-10-14,2.389,2.5,2.508,2.384,-4.25%,0.106
1300,02-10-14,2.436,2.387,2.439,2.384,1.97%,-0.047
1301,03-10-14,2.436,2.436,2.484,2.429,0.00%,0
1303,06-10-14,2.42,2.439,2.452,2.404,-0.87%,0.021
1304,07-10-14,2.341,2.421,2.43,2.337,-3.26%,0.079
1305,08-10-14,2.318,2.352,2.386,2.311,-0.98%,0.023
1306,09-10-14,2.327,2.33,2.345,2.279,0.39%,-0.009
1307,10-10-14,2.286,2.316,2.348,2.28,-1.76%,0.041
1308,13-10-14,2.238,2.234,2.241,2.234,-2.10%,0.048
1309,14-10-14,2.197,2.24,2.264,2.176,-1.83%,0.041
1310,15-10-14,2.129,2.204,2.229,1.865,-3.10%,0.068
1311,16-10-14,2.151,2.111,2.18,1.978,1.03%,-0.022
1312,17-10-14,2.199,2.155,2.229,2.122,2.23%,-0.048
1314,20-10-14,2.193,2.218,2.225,2.16,-1.22%,0.027
1315,21-10-14,2.227,2.176,2.227,2.135,1.55%,-0.034
1316,22-10-14,2.22,2.216,2.25,2.178,-0.31%,0.007
1317,23-10-14,2.277,2.216,2.3,2.201,2.57%,-0.057
1318,24-10-14,2.266,2.275,2.278,2.229,-0.48%,0.011
1320,27-10-14,2.259,2.287,2.298,2.243,-1.16%,0.026
1321,28-10-14,2.3,2.262,2.3,2.248,1.81%,-0.041
1322,29-10-14,2.321,2.296,2.362,2.276,0.91%,-0.021
1323,30-10-14,2.308,2.31,2.333,2.28,-0.56%,0.013
1324,31-10-14,2.335,2.307,2.359,2.296,1.17%,-0.027
1326,03-11-14,2.346,2.309,2.384,2.301,0.46%,-0.011
1327,04-11-14,2.335,2.341,2.351,2.303,-0.47%,0.011
1328,05-11-14,2.346,2.333,2.369,2.328,0.47%,-0.011
1329,06-11-14,2.382,2.344,2.391,2.326,1.53%,-0.036
1330,07-11-14,2.301,2.387,2.407,2.299,-3.40%,0.081
1332,10-11-14,2.36,2.308,2.362,2.273,2.32%,-0.054
1333,11-11-14,2.371,2.373,2.373,2.369,0.47%,-0.011
1334,12-11-14,2.373,2.373,2.377,2.319,0.08%,-0.002
1335,13-11-14,2.345,2.377,2.384,2.34,-1.18%,0.028
1336,14-11-14,2.319,2.345,2.377,2.315,-1.11%,0.026
1338,17-11-14,2.34,2.313,2.347,2.282,1.23%,-0.028
1339,18-11-14,2.317,2.335,2.342,2.308,-0.98%,0.023
1340,19-11-14,2.358,2.317,2.363,2.31,1.77%,-0.041
1341,20-11-14,2.338,2.358,2.358,2.303,-0.85%,0.02
1342,21-11-14,2.312,2.34,2.354,2.308,-1.11%,0.026
1344,24-11-14,2.305,2.31,2.338,2.299,-0.29%,0.007
1345,25-11-14,2.259,2.305,2.317,2.257,-2.00%,0.046
1346,26-11-14,2.245,2.259,2.262,2.229,-0.62%,0.014
1348,28-11-14,2.173,2.215,2.225,2.166,-1.89%,0.042
1350,01-12-14,2.236,2.178,2.243,2.15,2.74%,-0.06
1351,02-12-14,2.294,2.234,2.296,2.225,2.59%,-0.058
1352,03-12-14,2.282,2.292,2.306,2.278,-0.52%,0.012
1353,04-12-14,2.236,2.282,2.298,2.236,-2.02%,0.046
1354,05-12-14,2.307,2.245,2.331,2.243,3.18%,-0.071
1356,08-12-14,2.259,2.31,2.347,2.243,-2.28%,0.053
1357,09-12-14,2.213,2.264,2.271,2.187,-2.04%,0.046
1358,10-12-14,2.173,2.218,2.23,2.155,-1.81%,0.04
1359,11-12-14,2.169,2.167,2.216,2.139,-0.18%,0.004
1360,12-12-14,2.083,2.171,2.171,2.083,-3.96%,0.086
1362,15-12-14,2.115,2.078,2.136,2.071,1.68%,-0.035
1363,16-12-14,2.061,2.116,2.118,2.009,-2.55%,0.054
1364,17-12-14,2.136,2.061,2.15,2.047,3.64%,-0.075
1365,18-12-14,2.208,2.148,2.225,2.111,3.37%,-0.072
1366,19-12-14,2.16,2.213,2.234,2.157,-2.17%,0.048
1368,22-12-14,2.156,2.165,2.19,2.149,-0.51%,0.011
1369,23-12-14,2.269,2.157,2.271,2.155,5.24%,-0.113
1370,24-12-14,2.264,2.26,2.301,2.241,-0.22%,0.005
1372,26-12-14,2.252,2.255,2.266,2.236,-0.14%,0.003
1374,29-12-14,2.204,2.248,2.253,2.193,-1.96%,0.044
1375,30-12-14,2.192,2.202,2.209,2.167,-0.54%,0.012
1376,31-12-14,2.17,2.183,2.19,2.165,-1.00%,0.022
1378,02-01-15,2.114,2.2,2.213,2.102,-2.59%,0.056
1380,05-01-15,2.034,2.102,2.133,2.027,-3.23%,0.068
1381,06-01-15,1.938,2.037,2.039,1.887,-4.72%,0.096
1382,07-01-15,1.969,1.944,2.009,1.926,1.60%,-0.031
1383,08-01-15,2.018,1.976,2.03,1.968,2.49%,-0.049
1384,09-01-15,1.95,2.018,2.028,1.943,-3.37%,0.068
1386,12-01-15,1.909,1.964,1.98,1.902,-2.11%,0.041
1387,13-01-15,1.905,1.905,1.945,1.864,-0.21%,0.004
1388,14-01-15,1.855,1.9,1.902,1.784,-2.62%,0.05
1389,15-01-15,1.728,1.86,1.9,1.702,-6.85%,0.127
1390,16-01-15,1.831,1.724,1.839,1.698,5.96%,-0.103
1392,20-01-15,1.791,1.8,1.837,1.759,-0.51%,0.009
1393,21-01-15,1.875,1.796,1.875,1.773,4.69%,-0.084
1394,22-01-15,1.872,1.868,1.953,1.81,-0.16%,0.003
1395,23-01-15,1.789,1.875,1.875,1.781,-4.43%,0.083
1397,26-01-15,1.828,1.767,1.844,1.752,3.35%,-0.059
1398,27-01-15,1.828,1.827,1.832,1.748,0.00%,0
1399,28-01-15,1.719,1.821,1.835,1.7,-5.96%,0.109
1400,29-01-15,1.756,1.727,1.785,1.714,2.15%,-0.037
1401,30-01-15,1.639,1.761,1.761,1.637,-6.66%,0.117
1403,02-02-15,1.674,1.653,1.712,1.649,1.30%,-0.021
1404,03-02-15,1.798,1.673,1.802,1.661,7.41%,-0.124
1405,04-02-15,1.747,1.791,1.846,1.737,-2.84%,0.051
1406,05-02-15,1.817,1.738,1.829,1.718,4.01%,-0.07
1407,06-02-15,1.958,1.82,1.965,1.796,7.76%,-0.141
1409,09-02-15,1.978,1.941,1.986,1.886,1.91%,-0.037
1410,10-02-15,2.004,1.969,2.016,1.96,1.31%,-0.026
1411,11-02-15,2.021,1.977,2.028,1.97,0.85%,-0.017
1412,12-02-15,1.988,1.997,2.049,1.959,-1.63%,0.033
1413,13-02-15,2.047,1.984,2.106,1.976,2.97%,-0.059
1415,17-02-15,2.145,2.017,2.152,1.998,6.24%,-0.126
1416,18-02-15,2.085,2.138,2.164,2.043,-2.80%,0.06
1417,19-02-15,2.122,2.082,2.126,2.043,1.77%,-0.037
1418,20-02-15,2.115,2.119,2.141,2.045,-0.33%,0.007
1420,23-02-15,2.061,2.113,2.136,2.054,-2.56%,0.054
1421,24-02-15,1.972,2.066,2.108,1.972,-4.32%,0.089
1422,25-02-15,1.972,1.988,2.002,1.957,0.00%,0
1423,26-02-15,2.031,1.972,2.038,1.931,2.99%,-0.059
1424,27-02-15,1.996,2.026,2.052,1.993,-1.72%,0.035
1426,02-03-15,2.089,2.005,2.096,1.991,4.18%,-0.084
1427,03-03-15,2.122,2.08,2.128,2.073,1.58%,-0.033
1428,04-03-15,2.119,2.122,2.142,2.094,-0.14%,0.003
1429,05-03-15,2.117,2.112,2.147,2.096,-0.09%,0.002
1430,06-03-15,2.247,2.121,2.259,2.101,6.14%,-0.13
1432,09-03-15,2.192,2.25,2.25,2.186,-2.59%,0.058
1433,10-03-15,2.121,2.201,2.211,2.117,-3.24%,0.071
1434,11-03-15,2.109,2.128,2.16,2.096,-0.57%,0.012
1435,12-03-15,2.11,2.105,2.123,2.042,0.05%,-0.001
1436,13-03-15,2.118,2.116,2.148,2.084,0.38%,-0.008
1438,16-03-15,2.074,2.107,2.107,2.065,-1.48%,0.031
1439,17-03-15,2.052,2.08,2.08,2.038,-1.06%,0.022
1440,18-03-15,1.918,2.056,2.058,1.906,-6.53%,0.134
1441,19-03-15,1.97,1.916,1.989,1.899,2.71%,-0.052
1442,20-03-15,1.932,1.965,1.975,1.923,-1.93%,0.038
1444,23-03-15,1.909,1.925,1.942,1.906,-0.84%,0.016
1445,24-03-15,1.873,1.92,1.925,1.866,-1.89%,0.036
1446,25-03-15,1.927,1.878,1.932,1.852,2.88%,-0.054
1447,26-03-15,1.996,1.927,2.012,1.89,3.58%,-0.069
1448,27-03-15,1.96,2,2.002,1.944,-1.80%,0.036
1450,30-03-15,1.953,1.956,1.975,1.941,-0.16%,0.003
1451,31-03-15,1.927,1.954,1.968,1.923,-1.33%,0.026
1452,01-04-15,1.859,1.93,1.947,1.852,-3.53%,0.068
1453,02-04-15,1.913,1.859,1.916,1.831,2.90%,-0.054
1456,06-04-15,1.899,1.831,1.911,1.826,3.61%,-0.066
1457,07-04-15,1.887,1.899,1.928,1.881,-0.63%,0.012
1458,08-04-15,1.906,1.888,1.925,1.873,1.01%,-0.019
1459,09-04-15,1.963,1.902,1.967,1.876,2.99%,-0.057
1460,10-04-15,1.949,1.963,1.967,1.919,-0.71%,0.014
1462,13-04-15,1.93,1.949,1.982,1.926,-1.07%,0.021
1463,14-04-15,1.9,1.928,1.932,1.855,-1.55%,0.03
1464,15-04-15,1.89,1.891,1.918,1.872,-0.53%,0.01
1465,16-04-15,1.895,1.895,1.926,1.869,0.26%,-0.005
1466,17-04-15,1.865,1.891,1.912,1.844,-1.58%,0.03
1468,20-04-15,1.886,1.87,1.902,1.853,0.83%,-0.016
1469,21-04-15,1.911,1.884,1.919,1.865,1.33%,-0.025
1470,22-04-15,1.982,1.909,1.993,1.891,3.72%,-0.071
1471,23-04-15,1.954,1.98,1.989,1.935,-1.41%,0.028
1472,24-04-15,1.914,1.958,1.972,1.907,-2.05%,0.04
1474,27-04-15,1.926,1.91,1.949,1.895,0.91%,-0.017
1475,28-04-15,2.003,1.924,2.007,1.916,4.00%,-0.077
1476,29-04-15,2.046,1.986,2.081,1.98,2.15%,-0.043
1477,30-04-15,2.035,2.033,2.11,2.019,-0.54%,0.011
1478,01-05-15,2.112,2.049,2.124,2.046,3.78%,-0.077
1480,04-05-15,2.146,2.133,2.148,2.087,1.62%,-0.034
1481,05-05-15,2.182,2.148,2.201,2.117,1.68%,-0.036
1482,06-05-15,2.252,2.185,2.258,2.178,3.21%,-0.07
1483,07-05-15,2.178,2.241,2.312,2.167,-3.29%,0.074
1484,08-05-15,2.142,2.176,2.2,2.101,-1.65%,0.036
1486,11-05-15,2.287,2.137,2.287,2.13,6.93%,-0.148
1487,12-05-15,2.247,2.276,2.366,2.234,-1.75%,0.04
1488,13-05-15,2.295,2.26,2.298,2.189,2.14%,-0.048
1489,14-05-15,2.235,2.28,2.292,2.223,-2.61%,0.06
1490,15-05-15,2.148,2.23,2.234,2.132,-3.89%,0.087
1492,18-05-15,2.234,2.153,2.243,2.139,3.77%,-0.081
1493,19-05-15,2.29,2.23,2.303,2.183,2.51%,-0.056
1494,20-05-15,2.257,2.28,2.285,2.228,-1.44%,0.033
1495,21-05-15,2.195,2.248,2.257,2.183,-2.75%,0.062
1496,22-05-15,2.215,2.195,2.241,2.163,0.91%,-0.02
1498,26-05-15,2.142,2.204,2.213,2.132,-2.81%,0.062
1499,27-05-15,2.13,2.153,2.176,2.125,-0.56%,0.012
1500,28-05-15,2.135,2.135,2.153,2.116,0.23%,-0.005
1501,29-05-15,2.123,2.137,2.141,2.09,-0.56%,0.012
1504,01-06-15,2.183,2.128,2.199,2.106,2.57%,-0.055
1505,02-06-15,2.266,2.185,2.277,2.176,3.80%,-0.083
1506,03-06-15,2.361,2.259,2.388,2.254,4.19%,-0.095
1507,04-06-15,2.309,2.361,2.425,2.296,-2.20%,0.052
1508,05-06-15,2.409,2.316,2.442,2.314,4.33%,-0.1
1510,08-06-15,2.382,2.413,2.415,2.366,-1.28%,0.031
1511,09-06-15,2.442,2.388,2.449,2.354,2.52%,-0.06
1512,10-06-15,2.486,2.433,2.495,2.433,1.80%,-0.044
1513,11-06-15,2.381,2.475,2.5,2.377,-4.22%,0.105
1514,12-06-15,2.39,2.384,2.406,2.334,0.38%,-0.009
1516,15-06-15,2.36,2.349,2.376,2.313,0.41%,-0.01
1517,16-06-15,2.309,2.352,2.356,2.307,-2.16%,0.051
1518,17-06-15,2.32,2.309,2.403,2.304,0.48%,-0.011
1519,18-06-15,2.334,2.3,2.381,2.261,0.60%,-0.014
1520,19-06-15,2.261,2.326,2.326,2.258,-3.13%,0.073
1522,22-06-15,2.374,2.286,2.378,2.279,3.76%,-0.086
1523,23-06-15,2.414,2.374,2.429,2.362,1.68%,-0.04
1524,24-06-15,2.373,2.4,2.416,2.365,-1.70%,0.041
1525,25-06-15,2.412,2.365,2.423,2.364,1.64%,-0.039
1526,26-06-15,2.474,2.403,2.489,2.394,2.57%,-0.062
1528,29-06-15,2.328,2.303,2.409,2.292,1.02%,-0.024
1529,30-06-15,2.349,2.326,2.378,2.31,0.90%,-0.021
1530,01-07-15,2.427,2.373,2.444,2.349,3.32%,-0.078
1531,02-07-15,2.386,2.429,2.47,2.364,-1.69%,0.041
1533,06-07-15,2.29,2.274,2.346,2.274,0.77%,-0.018
1534,07-07-15,2.255,2.296,2.316,2.185,-1.53%,0.035
1535,08-07-15,2.197,2.256,2.256,2.176,-2.57%,0.058
1536,09-07-15,2.317,2.197,2.325,2.181,5.46%,-0.12
1537,10-07-15,2.401,2.35,2.421,2.334,3.63%,-0.084
1539,13-07-15,2.446,2.388,2.47,2.375,2.34%,-0.056
1540,14-07-15,2.397,2.447,2.45,2.388,-2.00%,0.049
1541,15-07-15,2.356,2.39,2.432,2.345,-1.71%,0.041
1542,16-07-15,2.356,2.374,2.398,2.338,0.00%,0
1543,17-07-15,2.347,2.361,2.374,2.332,-0.38%,0.009
1546,20-07-15,2.38,2.36,2.396,2.342,1.41%,-0.033
1547,21-07-15,2.331,2.372,2.403,2.327,-2.06%,0.049
1548,22-07-15,2.327,2.331,2.342,2.302,-0.17%,0.004
1549,23-07-15,2.269,2.325,2.343,2.268,-2.49%,0.058
1550,24-07-15,2.262,2.275,2.286,2.255,-0.31%,0.007
1552,27-07-15,2.216,2.262,2.266,2.21,-2.05%,0.046
1553,28-07-15,2.25,2.221,2.266,2.219,1.53%,-0.034
1554,29-07-15,2.289,2.259,2.297,2.252,1.73%,-0.039
1555,30-07-15,2.257,2.295,2.322,2.255,-1.40%,0.032
1556,31-07-15,2.187,2.257,2.286,2.182,-3.10%,0.07
1558,03-08-15,2.15,2.2,2.209,2.139,-2.18%,0.048
1559,04-08-15,2.223,2.144,2.228,2.143,3.40%,-0.073
1560,05-08-15,2.27,2.234,2.293,2.214,2.11%,-0.047
1561,06-08-15,2.227,2.272,2.281,2.218,-1.89%,0.043
1562,07-08-15,2.166,2.228,2.254,2.164,-2.74%,0.061
1564,10-08-15,2.232,2.177,2.243,2.175,2.63%,-0.057
1565,11-08-15,2.143,2.23,2.232,2.114,-3.99%,0.089
1566,12-08-15,2.148,2.15,2.157,2.045,0.23%,-0.005
1567,13-08-15,2.189,2.141,2.198,2.112,1.91%,-0.041
1568,14-08-15,2.201,2.184,2.221,2.161,0.55%,-0.012
1570,17-08-15,2.17,2.198,2.201,2.145,-1.18%,0.026
1571,18-08-15,2.192,2.164,2.203,2.138,1.01%,-0.022
1572,19-08-15,2.129,2.194,2.23,2.113,-2.87%,0.063
1573,20-08-15,2.073,2.133,2.134,2.07,-2.63%,0.056
1574,21-08-15,2.045,2.078,2.091,2.03,-1.35%,0.028
1576,24-08-15,2.012,2.031,2.045,1.905,-0.95%,0.019
1577,25-08-15,2.078,2.012,2.136,2.007,3.28%,-0.066
1578,26-08-15,2.18,2.057,2.193,2.052,4.91%,-0.102
1579,27-08-15,2.191,2.168,2.207,2.133,0.50%,-0.011
1580,28-08-15,2.184,2.193,2.197,2.128,-0.32%,0.007
1582,31-08-15,2.214,2.195,2.22,2.136,0.87%,-0.019
1583,01-09-15,2.159,2.214,2.214,2.151,-2.48%,0.055
1584,02-09-15,2.188,2.161,2.198,2.144,1.34%,-0.029
1585,03-09-15,2.163,2.179,2.197,2.151,-1.14%,0.025
1586,04-09-15,2.131,2.165,2.169,2.109,-1.48%,0.032
1588,08-09-15,2.186,2.151,2.201,2.126,1.63%,-0.035
1589,09-09-15,2.195,2.186,2.254,2.17,0.41%,-0.009
1590,10-09-15,2.227,2.183,2.236,2.176,1.46%,-0.032
1591,11-09-15,2.187,2.222,2.226,2.172,-1.80%,0.04
1593,14-09-15,2.183,2.201,2.203,2.164,-0.89%,0.02
1594,15-09-15,2.292,2.185,2.294,2.164,4.99%,-0.109
1595,16-09-15,2.296,2.274,2.303,2.258,0.17%,-0.004
1596,17-09-15,2.192,2.298,2.298,2.188,-4.53%,0.104
1597,18-09-15,2.134,2.194,2.197,2.126,-2.65%,0.058
1599,21-09-15,2.199,2.148,2.217,2.148,3.07%,-0.065
1600,22-09-15,2.132,2.198,2.198,2.114,-3.05%,0.067
1601,23-09-15,2.151,2.123,2.173,2.121,0.89%,-0.019
1602,24-09-15,2.128,2.146,2.158,2.081,-1.07%,0.023
1603,25-09-15,2.166,2.151,2.198,2.137,1.79%,-0.038
1605,28-09-15,2.098,2.157,2.169,2.091,-2.73%,0.059
1606,29-09-15,2.06,2.098,2.12,2.042,-1.81%,0.038
1607,30-09-15,2.035,2.063,2.104,2.035,-1.21%,0.025
1608,01-10-15,2.042,2.042,2.072,2.009,0.34%,-0.007
1609,02-10-15,1.991,2.049,2.065,1.904,-2.50%,0.051
1612,05-10-15,2.058,1.984,2.063,1.977,3.72%,-0.074
1613,06-10-15,2.035,2.049,2.077,2.028,-1.12%,0.023
1614,07-10-15,2.065,2.037,2.086,2.035,1.47%,-0.03
1615,08-10-15,2.102,2.069,2.122,2.033,1.79%,-0.037
1616,09-10-15,2.09,2.099,2.138,2.079,-0.57%,0.012
1617,12-10-15,2.07,2.069,2.074,2.069,-0.94%,0.02
1618,13-10-15,2.042,2.069,2.078,2.037,-1.37%,0.028
1619,14-10-15,1.975,2.047,2.049,1.974,-3.28%,0.067
1620,15-10-15,2.019,1.988,2.028,1.988,2.23%,-0.044
1621,16-10-15,2.035,2.026,2.037,2,0.79%,-0.016
1623,19-10-15,2.023,2.023,2.056,2.014,-0.07%,0.001
1624,20-10-15,2.069,2.024,2.079,2.014,2.27%,-0.046
1625,21-10-15,2.028,2.06,2.072,2.017,-1.98%,0.041
1626,22-10-15,2.028,2.023,2.055,2.003,0.00%,0
1627,23-10-15,2.087,2.035,2.099,2.023,2.91%,-0.059
1629,26-10-15,2.058,2.083,2.085,2.051,-1.20%,0.025
1630,27-10-15,2.037,2.055,2.06,2.009,-1.02%,0.021
1631,28-10-15,2.101,2.044,2.106,2.028,3.14%,-0.064
1632,29-10-15,2.172,2.092,2.18,2.081,3.38%,-0.071
1633,30-10-15,2.146,2.162,2.183,2.142,-1.20%,0.026
1635,02-11-15,2.176,2.137,2.189,2.13,1.92%,-0.041
1636,03-11-15,2.218,2.167,2.225,2.165,1.93%,-0.042
1637,04-11-15,2.227,2.209,2.241,2.198,0.41%,-0.009
1638,05-11-15,2.236,2.229,2.263,2.22,0.40%,-0.009
1639,06-11-15,2.325,2.236,2.349,2.223,3.98%,-0.089
1641,09-11-15,2.349,2.329,2.377,2.323,0.95%,-0.022
1642,10-11-15,2.336,2.347,2.353,2.311,-0.55%,0.013
1643,11-11-15,2.331,2.335,2.335,2.331,-0.21%,0.005
1644,12-11-15,2.315,2.331,2.354,2.299,-0.69%,0.016
1645,13-11-15,2.275,2.317,2.32,2.267,-1.73%,0.04
1647,16-11-15,2.271,2.245,2.278,2.238,1.25%,-0.028
1648,17-11-15,2.268,2.275,2.313,2.247,-0.13%,0.003
1649,18-11-15,2.273,2.273,2.299,2.259,0.22%,-0.005
1650,19-11-15,2.247,2.273,2.276,2.232,-1.14%,0.026
1651,20-11-15,2.264,2.255,2.266,2.231,0.76%,-0.017
1653,23-11-15,2.243,2.273,2.297,2.239,-0.93%,0.021
1654,24-11-15,2.239,2.243,2.252,2.206,-0.18%,0.004
1655,25-11-15,2.234,2.246,2.248,2.224,-0.22%,0.005
1657,27-11-15,2.222,2.222,2.231,2.204,-0.07%,0.002
1659,30-11-15,2.208,2.218,2.245,2.206,-0.39%,0.009
1660,01-12-15,2.145,2.217,2.239,2.145,-2.85%,0.063
1661,02-12-15,2.178,2.154,2.201,2.154,1.54%,-0.033
1662,03-12-15,2.321,2.183,2.347,2.178,6.57%,-0.143
1663,04-12-15,2.273,2.303,2.358,2.26,-2.07%,0.048
1665,07-12-15,2.236,2.285,2.292,2.204,-2.15%,0.049
1666,08-12-15,2.222,2.236,2.245,2.197,-0.63%,0.014
1667,09-12-15,2.211,2.227,2.271,2.197,-0.50%,0.011
1668,10-12-15,2.234,2.218,2.239,2.206,1.04%,-0.023
1669,11-12-15,2.132,2.236,2.239,2.12,-4.57%,0.102
1671,14-12-15,2.225,2.155,2.23,2.138,3.58%,-0.077
1672,15-12-15,2.268,2.218,2.289,2.202,1.93%,-0.043
1673,16-12-15,2.298,2.268,2.332,2.25,1.32%,-0.03
1674,17-12-15,2.225,2.283,2.285,2.223,-3.18%,0.073
1675,18-12-15,2.204,2.23,2.234,2.178,-0.94%,0.021
1677,21-12-15,2.195,2.204,2.225,2.172,-0.33%,0.007
1678,22-12-15,2.237,2.195,2.239,2.185,1.91%,-0.042
1679,23-12-15,2.259,2.236,2.28,2.234,0.98%,-0.022
1680,24-12-15,2.245,2.257,2.266,2.239,-0.62%,0.014
1682,28-12-15,2.232,2.253,2.257,2.213,-1.03%,0.023
1683,29-12-15,2.308,2.232,2.319,2.221,3.41%,-0.076
1684,30-12-15,2.294,2.3,2.325,2.285,-0.61%,0.014
1685,31-12-15,2.269,2.303,2.305,2.266,-1.09%,0.025
1687,04-01-16,2.243,2.293,2.293,2.2,-2.09%,0.048
1688,05-01-16,2.239,2.241,2.266,2.223,-0.18%,0.004
1689,06-01-16,2.17,2.236,2.244,2.168,-3.08%,0.069
1690,07-01-16,2.149,2.183,2.2,2.119,-0.97%,0.021
1691,08-01-16,2.116,2.154,2.225,2.112,-1.54%,0.033
1693,11-01-16,2.175,2.126,2.179,2.126,2.81%,-0.059
1694,12-01-16,2.105,2.175,2.2,2.08,-3.22%,0.07
1695,13-01-16,2.091,2.117,2.151,2.042,-0.67%,0.014
1696,14-01-16,2.091,2.077,2.122,2.049,0.00%,0
1697,15-01-16,2.037,2.101,2.101,1.986,-2.58%,0.054
1699,19-01-16,2.056,2.047,2.087,2.021,0.53%,-0.011
1700,20-01-16,1.988,2.056,2.056,1.939,-3.31%,0.068
1701,21-01-16,2.028,1.996,2.035,1.956,2.01%,-0.04
1702,22-01-16,2.057,2.035,2.089,2.014,1.43%,-0.029
1704,25-01-16,2.006,2.059,2.064,2.003,-2.57%,0.053
1705,26-01-16,2.003,2.005,2.027,1.961,-0.15%,0.003
1706,27-01-16,2.003,1.989,2.053,1.98,0.00%,0
1707,28-01-16,1.982,1.996,2.038,1.971,-1.05%,0.021
1708,29-01-16,1.923,1.987,1.992,1.911,-2.98%,0.059
1710,01-02-16,1.95,1.933,1.966,1.905,0.88%,-0.017
1711,02-02-16,1.852,1.943,1.952,1.847,-5.03%,0.098
1712,03-02-16,1.883,1.85,1.896,1.793,1.67%,-0.031
1713,04-02-16,1.846,1.883,1.91,1.841,-1.96%,0.037
1714,05-02-16,1.843,1.848,1.896,1.825,-0.16%,0.003
1716,08-02-16,1.748,1.853,1.87,1.733,-5.66%,0.105
1717,09-02-16,1.731,1.745,1.767,1.682,-0.97%,0.017
1718,10-02-16,1.673,1.736,1.774,1.67,-3.35%,0.058
1719,11-02-16,1.664,1.681,1.683,1.53,-0.54%,0.009
1720,12-02-16,1.746,1.663,1.758,1.647,4.93%,-0.082
1723,16-02-16,1.779,1.772,1.803,1.743,0.38%,-0.007
1724,17-02-16,1.816,1.778,1.847,1.74,2.08%,-0.037
1725,18-02-16,1.741,1.812,1.829,1.736,-4.13%,0.075
1726,19-02-16,1.743,1.74,1.785,1.719,0.11%,-0.002
1728,22-02-16,1.755,1.748,1.783,1.747,0.38%,-0.007
1729,23-02-16,1.716,1.757,1.814,1.714,-2.22%,0.039
1730,24-02-16,1.752,1.721,1.755,1.647,2.10%,-0.036
1731,25-02-16,1.714,1.752,1.76,1.678,-2.17%,0.038
1732,26-02-16,1.764,1.724,1.783,1.714,2.92%,-0.05
1734,29-02-16,1.738,1.757,1.768,1.73,-1.09%,0.019
1735,01-03-16,1.827,1.737,1.837,1.702,5.12%,-0.089
1736,02-03-16,1.835,1.816,1.872,1.804,0.44%,-0.008
1737,03-03-16,1.835,1.834,1.863,1.814,0.00%,0
1738,04-03-16,1.876,1.835,1.902,1.818,2.23%,-0.041
1740,07-03-16,1.904,1.879,1.92,1.876,1.31%,-0.025
1741,08-03-16,1.831,1.908,1.909,1.804,-3.83%,0.073
1742,09-03-16,1.879,1.829,1.897,1.825,2.62%,-0.048
1743,10-03-16,1.936,1.876,1.952,1.855,3.03%,-0.057
1744,11-03-16,1.98,1.932,1.986,1.916,2.27%,-0.044
1746,14-03-16,1.961,1.979,1.986,1.941,-0.80%,0.016
1747,15-03-16,1.968,1.963,1.975,1.915,0.36%,-0.007
1748,16-03-16,1.913,1.97,2.002,1.908,-2.79%,0.055
1749,17-03-16,1.898,1.908,1.919,1.854,-0.78%,0.015
1750,18-03-16,1.877,1.901,1.901,1.863,-1.11%,0.021
1752,21-03-16,1.917,1.893,1.924,1.868,2.15%,-0.04
1753,22-03-16,1.944,1.919,1.946,1.879,1.41%,-0.027
1754,23-03-16,1.879,1.951,1.954,1.872,-3.34%,0.065
1755,24-03-16,1.9,1.884,1.902,1.852,1.12%,-0.021
1757,28-03-16,1.883,1.914,1.918,1.863,-1.63%,0.031
1758,29-03-16,1.804,1.883,1.898,1.8,-4.20%,0.079
1759,30-03-16,1.828,1.809,1.862,1.804,1.33%,-0.024
1760,31-03-16,1.77,1.816,1.832,1.769,-3.17%,0.058
1761,01-04-16,1.774,1.784,1.814,1.762,0.23%,-0.004
1763,04-04-16,1.762,1.765,1.791,1.753,-0.19%,0.003
1764,05-04-16,1.72,1.764,1.764,1.715,-2.38%,0.042
1765,06-04-16,1.758,1.732,1.774,1.729,2.21%,-0.038
1766,07-04-16,1.687,1.758,1.769,1.685,-4.04%,0.071
1767,08-04-16,1.717,1.701,1.738,1.699,1.78%,-0.03
1769,11-04-16,1.722,1.732,1.755,1.698,-0.60%,0.01
1770,12-04-16,1.776,1.729,1.785,1.725,3.14%,-0.054
1771,13-04-16,1.766,1.778,1.797,1.757,-0.56%,0.01
1772,14-04-16,1.792,1.773,1.804,1.752,1.47%,-0.026
1773,15-04-16,1.754,1.787,1.799,1.74,-2.12%,0.038
1775,18-04-16,1.771,1.726,1.787,1.722,2.63%,-0.045
1776,19-04-16,1.787,1.783,1.806,1.771,0.90%,-0.016
1777,20-04-16,1.845,1.78,1.859,1.752,3.25%,-0.058
1778,21-04-16,1.865,1.84,1.891,1.833,1.08%,-0.02
1779,22-04-16,1.891,1.868,1.897,1.847,1.39%,-0.026
1781,25-04-16,1.915,1.891,1.914,1.865,1.25%,-0.024
1782,26-04-16,1.931,1.907,1.941,1.89,0.84%,-0.016
1783,27-04-16,1.853,1.922,1.923,1.851,-4.04%,0.078
1784,28-04-16,1.824,1.847,1.872,1.81,-1.57%,0.029
1785,29-04-16,1.835,1.839,1.876,1.816,0.60%,-0.011
1787,02-05-16,1.872,1.83,1.874,1.81,2.41%,-0.044
1788,03-05-16,1.796,1.856,1.858,1.782,-4.06%,0.076
1789,04-05-16,1.777,1.807,1.817,1.77,-1.06%,0.019
1790,05-05-16,1.742,1.793,1.809,1.735,-1.97%,0.035
1791,06-05-16,1.779,1.756,1.786,1.705,2.12%,-0.037
1793,09-05-16,1.751,1.789,1.793,1.747,-2.15%,0.038
1794,10-05-16,1.754,1.753,1.775,1.747,0.17%,-0.003
1795,11-05-16,1.735,1.767,1.77,1.721,-1.08%,0.019
1796,12-05-16,1.748,1.724,1.765,1.715,0.75%,-0.013
1797,13-05-16,1.702,1.752,1.755,1.7,-2.63%,0.046
1799,16-05-16,1.757,1.702,1.757,1.7,3.24%,-0.055
1800,17-05-16,1.772,1.753,1.776,1.736,0.85%,-0.015
1801,18-05-16,1.859,1.774,1.887,1.764,4.91%,-0.087
1802,19-05-16,1.847,1.849,1.883,1.83,-0.65%,0.012
1803,20-05-16,1.844,1.849,1.868,1.837,-0.16%,0.003
1805,23-05-16,1.835,1.838,1.856,1.818,-0.09%,0.002
1806,24-05-16,1.865,1.838,1.88,1.821,1.63%,-0.03
1807,25-05-16,1.872,1.859,1.882,1.849,0.38%,-0.007
1808,26-05-16,1.83,1.86,1.87,1.821,-2.24%,0.042
1809,27-05-16,1.851,1.833,1.855,1.821,1.15%,-0.021
1811,31-05-16,1.851,1.86,1.89,1.83,-0.56%,0.011
1812,01-06-16,1.839,1.844,1.856,1.804,-0.65%,0.012
1813,02-06-16,1.799,1.837,1.841,1.796,-2.18%,0.04
1814,03-06-16,1.702,1.808,1.813,1.697,-5.39%,0.097
1816,06-06-16,1.737,1.704,1.742,1.704,1.84%,-0.031
1817,07-06-16,1.716,1.733,1.744,1.704,-1.21%,0.021
1818,08-06-16,1.704,1.719,1.721,1.697,-0.70%,0.012
1819,09-06-16,1.682,1.704,1.709,1.659,-1.29%,0.022
1820,10-06-16,1.644,1.68,1.683,1.627,-2.26%,0.038
1822,13-06-16,1.613,1.625,1.64,1.608,-0.63%,0.01
1823,14-06-16,1.613,1.611,1.625,1.567,0.00%,0
1824,15-06-16,1.575,1.613,1.637,1.572,-2.36%,0.038
1825,16-06-16,1.579,1.57,1.581,1.518,0.25%,-0.004
1826,17-06-16,1.611,1.589,1.622,1.582,2.03%,-0.032
1828,20-06-16,1.678,1.656,1.69,1.642,1.34%,-0.022
1829,21-06-16,1.709,1.671,1.711,1.661,1.85%,-0.031
1830,22-06-16,1.687,1.697,1.711,1.68,-1.29%,0.022
1831,23-06-16,1.744,1.702,1.749,1.694,3.38%,-0.057
1832,24-06-16,1.562,1.682,1.704,1.406,-10.44%,0.182
1834,27-06-16,1.444,1.507,1.526,1.436,-4.29%,0.065
1835,28-06-16,1.465,1.439,1.483,1.428,1.45%,-0.021
1836,29-06-16,1.517,1.465,1.519,1.454,3.55%,-0.052
1837,30-06-16,1.475,1.512,1.546,1.453,-2.77%,0.042
1838,01-07-16,1.456,1.471,1.473,1.382,-1.29%,0.019
1840,05-07-16,1.375,1.439,1.441,1.357,-4.57%,0.066
1841,06-07-16,1.373,1.367,1.395,1.321,-0.15%,0.002
1842,07-07-16,1.385,1.37,1.422,1.355,0.87%,-0.012
1843,08-07-16,1.358,1.39,1.442,1.346,-1.95%,0.027
1845,11-07-16,1.43,1.366,1.435,1.358,4.66%,-0.064
1846,12-07-16,1.507,1.425,1.531,1.422,5.38%,-0.077
1847,13-07-16,1.473,1.508,1.508,1.459,-2.26%,0.034
1848,14-07-16,1.537,1.471,1.551,1.466,4.34%,-0.064
1849,15-07-16,1.558,1.52,1.601,1.517,1.37%,-0.021
1851,18-07-16,1.582,1.575,1.604,1.556,1.55%,-0.024
1852,19-07-16,1.558,1.573,1.575,1.537,-1.52%,0.024
1853,20-07-16,1.58,1.559,1.596,1.546,1.41%,-0.022
1854,21-07-16,1.556,1.58,1.628,1.554,-1.52%,0.024
1855,22-07-16,1.566,1.549,1.601,1.537,0.64%,-0.01
1857,25-07-16,1.575,1.571,1.592,1.554,0.12%,-0.002
1858,26-07-16,1.563,1.568,1.589,1.537,-0.76%,0.012
1859,27-07-16,1.503,1.563,1.59,1.498,-3.84%,0.06
1860,28-07-16,1.508,1.504,1.535,1.492,0.33%,-0.005
1861,29-07-16,1.45,1.501,1.564,1.45,-3.85%,0.058
1863,01-08-16,1.52,1.463,1.527,1.463,3.87%,-0.057
1864,02-08-16,1.554,1.52,1.573,1.511,2.24%,-0.034
1865,03-08-16,1.545,1.559,1.571,1.53,-0.58%,0.009
1866,04-08-16,1.502,1.544,1.556,1.484,-2.78%,0.043
1867,05-08-16,1.59,1.501,1.592,1.487,5.86%,-0.088
1870,08-08-16,1.592,1.595,1.616,1.571,-0.21%,0.003
1871,09-08-16,1.549,1.59,1.597,1.535,-2.70%,0.043
1872,10-08-16,1.513,1.545,1.545,1.501,-2.32%,0.036
1873,11-08-16,1.561,1.505,1.576,1.503,3.17%,-0.048
1874,12-08-16,1.51,1.559,1.563,1.48,-3.27%,0.051
1877,15-08-16,1.558,1.512,1.561,1.498,3.06%,-0.046
1878,16-08-16,1.575,1.554,1.587,1.515,1.09%,-0.017
1879,17-08-16,1.549,1.568,1.588,1.537,-1.65%,0.026
1880,18-08-16,1.534,1.539,1.566,1.525,-0.97%,0.015
1881,19-08-16,1.58,1.546,1.594,1.536,3.00%,-0.046
1883,22-08-16,1.544,1.597,1.6,1.536,-3.31%,0.053
1884,23-08-16,1.546,1.551,1.571,1.527,0.13%,-0.002
1885,24-08-16,1.563,1.556,1.57,1.542,1.10%,-0.017
1886,25-08-16,1.578,1.564,1.583,1.548,0.96%,-0.015
1887,26-08-16,1.628,1.571,1.635,1.531,3.17%,-0.05
1889,29-08-16,1.563,1.626,1.626,1.559,-3.89%,0.063
1890,30-08-16,1.57,1.573,1.592,1.561,0.45%,-0.007
1891,31-08-16,1.578,1.57,1.585,1.554,0.51%,-0.008
1892,01-09-16,1.568,1.58,1.619,1.556,-0.63%,0.01
1893,02-09-16,1.607,1.571,1.623,1.543,2.49%,-0.039
1895,06-09-16,1.536,1.609,1.62,1.534,-4.55%,0.073
1896,07-09-16,1.536,1.541,1.549,1.519,0.00%,0
1897,08-09-16,1.601,1.541,1.62,1.529,4.23%,-0.065
1898,09-09-16,1.675,1.602,1.678,1.594,4.62%,-0.074
1900,12-09-16,1.666,1.668,1.697,1.659,-0.23%,0.004
1901,13-09-16,1.729,1.661,1.752,1.637,3.78%,-0.063
1902,14-09-16,1.698,1.725,1.743,1.682,-1.79%,0.031
1903,15-09-16,1.698,1.696,1.736,1.665,0.00%,0
1904,16-09-16,1.694,1.689,1.703,1.66,-0.24%,0.004
1907,19-09-16,1.707,1.693,1.714,1.679,0.75%,-0.013
1908,20-09-16,1.693,1.708,1.71,1.667,-0.82%,0.014
1909,21-09-16,1.655,1.689,1.738,1.653,-2.24%,0.038
1910,22-09-16,1.618,1.649,1.656,1.608,-2.24%,0.037
1911,23-09-16,1.62,1.623,1.632,1.606,0.12%,-0.002
1914,26-09-16,1.584,1.617,1.62,1.574,-1.91%,0.031
1915,27-09-16,1.56,1.589,1.606,1.546,-1.52%,0.024
1916,28-09-16,1.572,1.558,1.581,1.543,0.77%,-0.012
1917,29-09-16,1.558,1.586,1.601,1.543,-0.89%,0.014
1918,30-09-16,1.598,1.553,1.617,1.536,2.57%,-0.04
1920,03-10-16,1.627,1.6,1.629,1.593,1.71%,-0.027
1921,04-10-16,1.69,1.629,1.692,1.612,3.87%,-0.063
1922,05-10-16,1.706,1.685,1.73,1.669,0.95%,-0.016
1923,06-10-16,1.739,1.709,1.746,1.692,1.93%,-0.033
1924,07-10-16,1.723,1.732,1.771,1.718,-0.92%,0.016
1925,10-10-16,1.765,1.723,1.765,1.723,2.47%,-0.042
1926,11-10-16,1.767,1.767,1.781,1.745,0.08%,-0.002
1927,12-10-16,1.771,1.769,1.801,1.764,0.23%,-0.004
1928,13-10-16,1.746,1.767,1.769,1.727,-1.41%,0.025
1929,14-10-16,1.805,1.752,1.805,1.75,3.38%,-0.059
1932,17-10-16,1.768,1.789,1.814,1.757,-1.17%,0.021
1933,18-10-16,1.74,1.771,1.787,1.74,-1.58%,0.028
1934,19-10-16,1.747,1.745,1.77,1.729,0.40%,-0.007
1935,20-10-16,1.756,1.75,1.768,1.724,0.52%,-0.009
1936,21-10-16,1.736,1.761,1.761,1.731,-1.14%,0.02
1938,24-10-16,1.766,1.742,1.775,1.724,1.49%,-0.026
1939,25-10-16,1.758,1.766,1.788,1.742,-0.45%,0.008
1940,26-10-16,1.791,1.754,1.797,1.742,1.88%,-0.033
1941,27-10-16,1.85,1.797,1.87,1.791,3.29%,-0.059
1942,28-10-16,1.849,1.854,1.879,1.832,-0.05%,0.001
1944,31-10-16,1.825,1.84,1.854,1.826,-0.89%,0.016
1945,01-11-16,1.827,1.838,1.879,1.811,0.11%,-0.002
1946,02-11-16,1.801,1.829,1.829,1.774,-1.42%,0.026
1947,03-11-16,1.81,1.804,1.833,1.776,0.50%,-0.009
1948,04-11-16,1.778,1.806,1.822,1.769,-1.77%,0.032
1950,07-11-16,1.828,1.831,1.833,1.808,-0.09%,0.002
1951,08-11-16,1.858,1.826,1.876,1.807,1.64%,-0.03
1952,09-11-16,2.068,1.858,2.092,1.716,11.30%,-0.21
1953,10-11-16,2.138,2.042,2.154,1.991,3.38%,-0.07
1955,14-11-16,2.254,2.171,2.302,2.168,3.73%,-0.081
1956,15-11-16,2.229,2.251,2.251,2.182,-1.11%,0.025
1957,16-11-16,2.214,2.226,2.297,2.205,-0.67%,0.015
1958,17-11-16,2.297,2.205,2.306,2.187,3.75%,-0.083
1959,18-11-16,2.348,2.322,2.364,2.267,2.22%,-0.051
1961,21-11-16,2.314,2.353,2.357,2.303,-1.66%,0.039
1962,22-11-16,2.314,2.303,2.337,2.287,0.00%,0
1963,23-11-16,2.355,2.312,2.417,2.292,1.77%,-0.041
1965,25-11-16,2.359,2.382,2.413,2.35,-0.97%,0.023
1967,28-11-16,2.312,2.339,2.352,2.311,-1.24%,0.029
1968,29-11-16,2.293,2.312,2.35,2.291,-0.82%,0.019
1969,30-11-16,2.39,2.295,2.41,2.291,4.23%,-0.097
1970,01-12-16,2.454,2.397,2.492,2.377,2.68%,-0.064
1971,02-12-16,2.392,2.437,2.448,2.374,-2.53%,0.062
1973,05-12-16,2.401,2.363,2.448,2.34,1.52%,-0.036
1974,06-12-16,2.392,2.398,2.403,2.374,-0.37%,0.009
1975,07-12-16,2.344,2.396,2.401,2.342,-2.01%,0.048
1976,08-12-16,2.409,2.345,2.427,2.34,2.77%,-0.065
1977,09-12-16,2.466,2.412,2.478,2.397,2.37%,-0.057
1979,12-12-16,2.477,2.489,2.528,2.466,-0.43%,0.011
1980,13-12-16,2.473,2.468,2.495,2.438,-0.16%,0.004
1981,14-12-16,2.567,2.471,2.586,2.422,3.80%,-0.094
1982,15-12-16,2.606,2.58,2.641,2.565,1.52%,-0.039
1983,16-12-16,2.599,2.6,2.619,2.553,-0.27%,0.007
1985,19-12-16,2.544,2.582,2.595,2.529,-1.49%,0.038
1986,20-12-16,2.561,2.54,2.59,2.538,0.67%,-0.017
1987,21-12-16,2.538,2.566,2.577,2.537,-0.90%,0.023
1988,22-12-16,2.553,2.535,2.577,2.527,0.59%,-0.015
1989,23-12-16,2.543,2.556,2.558,2.526,-0.39%,0.01
1991,27-12-16,2.561,2.554,2.576,2.547,0.72%,-0.018
1992,28-12-16,2.512,2.565,2.567,2.503,-1.91%,0.049
1993,29-12-16,2.477,2.512,2.512,2.46,-1.39%,0.035
1994,30-12-16,2.446,2.477,2.488,2.431,-1.25%,0.031
