Date,Price,Open,High,Low,Change %
"Dec 30, 2016",2.446,2.477,2.488,2.431,-1.25%
"Dec 29, 2016",2.477,2.512,2.512,2.46,-1.39%
"Dec 28, 2016",2.512,2.565,2.567,2.503,-1.91%
"Dec 27, 2016",2.561,2.554,2.576,2.547,0.72%
"Dec 26, 2016",2.543,2.543,2.543,2.543,0.00%
"Dec 23, 2016",2.543,2.556,2.558,2.526,-0.39%
"Dec 22, 2016",2.553,2.535,2.577,2.527,0.59%
"Dec 21, 2016",2.538,2.566,2.577,2.537,-0.90%
"Dec 20, 2016",2.561,2.54,2.59,2.538,0.67%
"Dec 19, 2016",2.544,2.582,2.595,2.529,-1.49%
"Dec 18, 2016",2.582,2.584,2.584,2.58,-0.64%
"Dec 16, 2016",2.599,2.6,2.619,2.553,-0.27%
"Dec 15, 2016",2.606,2.58,2.641,2.565,1.52%
"Dec 14, 2016",2.567,2.471,2.586,2.422,3.80%
"Dec 13, 2016",2.473,2.468,2.495,2.438,-0.16%
"Dec 12, 2016",2.477,2.489,2.528,2.466,-0.43%
"Dec 11, 2016",2.488,2.466,2.493,2.466,0.88%
"Dec 09, 2016",2.466,2.412,2.478,2.397,2.37%
"Dec 08, 2016",2.409,2.345,2.427,2.34,2.77%
"Dec 07, 2016",2.344,2.396,2.401,2.342,-2.01%
"Dec 06, 2016",2.392,2.398,2.403,2.374,-0.37%
"Dec 05, 2016",2.401,2.363,2.448,2.34,1.52%
"Dec 04, 2016",2.365,2.354,2.376,2.352,-1.13%
"Dec 02, 2016",2.392,2.437,2.448,2.374,-2.53%
"Dec 01, 2016",2.454,2.397,2.492,2.377,2.68%
"Nov 30, 2016",2.39,2.295,2.41,2.291,4.23%
"Nov 29, 2016",2.293,2.312,2.35,2.291,-0.82%
"Nov 28, 2016",2.312,2.339,2.352,2.311,-1.24%
"Nov 27, 2016",2.341,2.359,2.359,2.337,-0.76%
"Nov 25, 2016",2.359,2.382,2.413,2.35,-0.97%
"Nov 24, 2016",2.382,2.382,2.386,2.382,1.15%
"Nov 23, 2016",2.355,2.312,2.417,2.292,1.77%
"Nov 22, 2016",2.314,2.303,2.337,2.287,0.00%
"Nov 21, 2016",2.314,2.353,2.357,2.303,-1.66%
"Nov 20, 2016",2.353,2.348,2.36,2.348,0.21%
"Nov 18, 2016",2.348,2.322,2.364,2.267,2.22%
"Nov 17, 2016",2.297,2.205,2.306,2.187,3.75%
"Nov 16, 2016",2.214,2.226,2.297,2.205,-0.67%
"Nov 15, 2016",2.229,2.251,2.251,2.182,-1.11%
"Nov 14, 2016",2.254,2.171,2.302,2.168,3.73%
"Nov 13, 2016",2.173,2.178,2.182,2.173,1.63%
"Nov 10, 2016",2.138,2.042,2.154,1.991,3.38%
"Nov 09, 2016",2.068,1.858,2.092,1.716,11.30%
"Nov 08, 2016",1.858,1.826,1.876,1.807,1.64%
"Nov 07, 2016",1.828,1.831,1.833,1.808,-0.09%
"Nov 06, 2016",1.83,1.83,1.833,1.826,2.90%
"Nov 04, 2016",1.778,1.806,1.822,1.769,-1.77%
"Nov 03, 2016",1.81,1.804,1.833,1.776,0.50%
"Nov 02, 2016",1.801,1.829,1.829,1.774,-1.42%
"Nov 01, 2016",1.827,1.838,1.879,1.811,0.11%
"Oct 31, 2016",1.825,1.84,1.854,1.826,-0.89%
"Oct 30, 2016",1.841,1.849,1.849,1.84,-0.41%
"Oct 28, 2016",1.849,1.854,1.879,1.832,-0.05%
"Oct 27, 2016",1.85,1.797,1.87,1.791,3.29%
"Oct 26, 2016",1.791,1.754,1.797,1.742,1.88%
"Oct 25, 2016",1.758,1.766,1.788,1.742,-0.45%
"Oct 24, 2016",1.766,1.742,1.775,1.724,1.49%
"Oct 23, 2016",1.74,1.74,1.74,1.74,0.23%
"Oct 21, 2016",1.736,1.761,1.761,1.731,-1.14%
"Oct 20, 2016",1.756,1.75,1.768,1.724,0.52%
"Oct 19, 2016",1.747,1.745,1.77,1.729,0.40%
"Oct 18, 2016",1.74,1.771,1.787,1.74,-1.58%
"Oct 17, 2016",1.768,1.789,1.814,1.757,-1.17%
"Oct 16, 2016",1.789,1.805,1.805,1.787,-0.88%
"Oct 15, 2016",1.805,1.805,1.805,1.805,0.00%
"Oct 14, 2016",1.805,1.752,1.805,1.75,3.38%
"Oct 13, 2016",1.746,1.767,1.769,1.727,-1.41%
"Oct 12, 2016",1.771,1.769,1.801,1.764,0.23%
"Oct 11, 2016",1.767,1.767,1.781,1.745,0.08%
"Oct 10, 2016",1.765,1.723,1.765,1.723,2.47%
"Oct 07, 2016",1.723,1.732,1.771,1.718,-0.92%
"Oct 06, 2016",1.739,1.709,1.746,1.692,1.93%
"Oct 05, 2016",1.706,1.685,1.73,1.669,0.95%
"Oct 04, 2016",1.69,1.629,1.692,1.612,3.87%
"Oct 03, 2016",1.627,1.6,1.629,1.593,1.71%
"Oct 02, 2016",1.6,1.598,1.605,1.598,0.10%
"Sep 30, 2016",1.598,1.553,1.617,1.536,2.57%
"Sep 29, 2016",1.558,1.586,1.601,1.543,-0.89%
"Sep 28, 2016",1.572,1.558,1.581,1.543,0.77%
"Sep 27, 2016",1.56,1.589,1.606,1.546,-1.52%
"Sep 26, 2016",1.584,1.617,1.62,1.574,-1.91%
"Sep 25, 2016",1.615,1.62,1.62,1.615,-0.32%
"Sep 24, 2016",1.62,1.62,1.62,1.62,0.00%
"Sep 23, 2016",1.62,1.623,1.632,1.606,0.12%
"Sep 22, 2016",1.618,1.649,1.656,1.608,-2.24%
"Sep 21, 2016",1.655,1.689,1.738,1.653,-2.24%
"Sep 20, 2016",1.693,1.708,1.71,1.667,-0.82%
"Sep 19, 2016",1.707,1.693,1.714,1.679,0.75%
"Sep 18, 2016",1.694,1.694,1.694,1.694,0.00%
"Sep 17, 2016",1.694,1.694,1.694,1.694,0.00%
"Sep 16, 2016",1.694,1.689,1.703,1.66,-0.24%
"Sep 15, 2016",1.698,1.696,1.736,1.665,0.00%
"Sep 14, 2016",1.698,1.725,1.743,1.682,-1.79%
"Sep 13, 2016",1.729,1.661,1.752,1.637,3.78%
"Sep 12, 2016",1.666,1.668,1.697,1.659,-0.23%
"Sep 11, 2016",1.67,1.675,1.675,1.67,-0.31%
"Sep 09, 2016",1.675,1.602,1.678,1.594,4.62%
"Sep 08, 2016",1.601,1.541,1.62,1.529,4.23%
"Sep 07, 2016",1.536,1.541,1.549,1.519,0.00%
"Sep 06, 2016",1.536,1.609,1.62,1.534,-4.55%
"Sep 05, 2016",1.609,1.607,1.611,1.607,0.14%
"Sep 02, 2016",1.607,1.571,1.623,1.543,2.49%
"Sep 01, 2016",1.568,1.58,1.619,1.556,-0.63%
"Aug 31, 2016",1.578,1.57,1.585,1.554,0.51%
"Aug 30, 2016",1.57,1.573,1.592,1.561,0.45%
"Aug 29, 2016",1.563,1.626,1.626,1.559,-3.89%
"Aug 28, 2016",1.626,1.63,1.631,1.624,-0.11%
"Aug 26, 2016",1.628,1.571,1.635,1.531,3.17%
"Aug 25, 2016",1.578,1.564,1.583,1.548,0.96%
"Aug 24, 2016",1.563,1.556,1.57,1.542,1.10%
"Aug 23, 2016",1.546,1.551,1.571,1.527,0.13%
"Aug 22, 2016",1.544,1.597,1.6,1.536,-3.31%
"Aug 21, 2016",1.597,1.597,1.599,1.595,1.07%
"Aug 19, 2016",1.58,1.546,1.594,1.536,3.00%
"Aug 18, 2016",1.534,1.539,1.566,1.525,-0.97%
"Aug 17, 2016",1.549,1.568,1.588,1.537,-1.65%
"Aug 16, 2016",1.575,1.554,1.587,1.515,1.09%
"Aug 15, 2016",1.558,1.512,1.561,1.498,3.06%
"Aug 14, 2016",1.512,1.51,1.512,1.508,0.11%
"Aug 13, 2016",1.51,1.51,1.51,1.51,0.00%
"Aug 12, 2016",1.51,1.559,1.563,1.48,-3.27%
"Aug 11, 2016",1.561,1.505,1.576,1.503,3.17%
"Aug 10, 2016",1.513,1.545,1.545,1.501,-2.32%
"Aug 09, 2016",1.549,1.59,1.597,1.535,-2.70%
"Aug 08, 2016",1.592,1.595,1.616,1.571,-0.21%
"Aug 07, 2016",1.595,1.599,1.599,1.595,0.33%
"Aug 06, 2016",1.59,1.59,1.59,1.59,0.00%
"Aug 05, 2016",1.59,1.501,1.592,1.487,5.86%
"Aug 04, 2016",1.502,1.544,1.556,1.484,-2.78%
"Aug 03, 2016",1.545,1.559,1.571,1.53,-0.58%
"Aug 02, 2016",1.554,1.52,1.573,1.511,2.24%
"Aug 01, 2016",1.52,1.463,1.527,1.463,3.87%
"Jul 31, 2016",1.463,1.45,1.463,1.45,0.92%
"Jul 29, 2016",1.45,1.501,1.564,1.45,-3.85%
"Jul 28, 2016",1.508,1.504,1.535,1.492,0.33%
"Jul 27, 2016",1.503,1.563,1.59,1.498,-3.84%
"Jul 26, 2016",1.563,1.568,1.589,1.537,-0.76%
"Jul 25, 2016",1.575,1.571,1.592,1.554,0.12%
"Jul 24, 2016",1.573,1.566,1.577,1.566,0.45%
"Jul 22, 2016",1.566,1.549,1.601,1.537,0.64%
"Jul 21, 2016",1.556,1.58,1.628,1.554,-1.52%
"Jul 20, 2016",1.58,1.559,1.596,1.546,1.41%
"Jul 19, 2016",1.558,1.573,1.575,1.537,-1.52%
"Jul 18, 2016",1.582,1.575,1.604,1.556,1.55%
"Jul 17, 2016",1.558,1.558,1.558,1.558,0.00%
"Jul 15, 2016",1.558,1.52,1.601,1.517,1.37%
"Jul 14, 2016",1.537,1.471,1.551,1.466,4.34%
"Jul 13, 2016",1.473,1.508,1.508,1.459,-2.26%
"Jul 12, 2016",1.507,1.425,1.531,1.422,5.38%
"Jul 11, 2016",1.43,1.366,1.435,1.358,4.66%
"Jul 10, 2016",1.366,1.358,1.366,1.358,0.61%
"Jul 08, 2016",1.358,1.39,1.442,1.346,-1.95%
"Jul 07, 2016",1.385,1.37,1.422,1.355,0.87%
"Jul 06, 2016",1.373,1.367,1.395,1.321,-0.15%
"Jul 05, 2016",1.375,1.439,1.441,1.357,-4.57%
"Jul 04, 2016",1.441,1.456,1.456,1.439,-1.04%
"Jul 01, 2016",1.456,1.471,1.473,1.382,-1.29%
"Jun 30, 2016",1.475,1.512,1.546,1.453,-2.77%
"Jun 29, 2016",1.517,1.465,1.519,1.454,3.55%
"Jun 28, 2016",1.465,1.439,1.483,1.428,1.45%
"Jun 27, 2016",1.444,1.507,1.526,1.436,-4.29%
"Jun 26, 2016",1.509,1.514,1.516,1.5,-3.41%
"Jun 24, 2016",1.562,1.682,1.704,1.406,-10.44%
"Jun 23, 2016",1.744,1.702,1.749,1.694,3.38%
"Jun 22, 2016",1.687,1.697,1.711,1.68,-1.29%
"Jun 21, 2016",1.709,1.671,1.711,1.661,1.85%
"Jun 20, 2016",1.678,1.656,1.69,1.642,1.34%
"Jun 19, 2016",1.656,1.654,1.658,1.652,2.78%
"Jun 17, 2016",1.611,1.589,1.622,1.582,2.03%
"Jun 16, 2016",1.579,1.57,1.581,1.518,0.25%
"Jun 15, 2016",1.575,1.613,1.637,1.572,-2.36%
"Jun 14, 2016",1.613,1.611,1.625,1.567,0.00%
"Jun 13, 2016",1.613,1.625,1.64,1.608,-0.63%
"Jun 12, 2016",1.623,1.644,1.644,1.622,-1.27%
"Jun 10, 2016",1.644,1.68,1.683,1.627,-2.26%
"Jun 09, 2016",1.682,1.704,1.709,1.659,-1.29%
"Jun 08, 2016",1.704,1.719,1.721,1.697,-0.70%
"Jun 07, 2016",1.716,1.733,1.744,1.704,-1.21%
"Jun 06, 2016",1.737,1.704,1.742,1.704,1.84%
"Jun 05, 2016",1.706,1.699,1.706,1.697,0.21%
"Jun 03, 2016",1.702,1.808,1.813,1.697,-5.39%
"Jun 02, 2016",1.799,1.837,1.841,1.796,-2.18%
"Jun 01, 2016",1.839,1.844,1.856,1.804,-0.65%
"May 31, 2016",1.851,1.86,1.89,1.83,-0.56%
"May 30, 2016",1.862,1.851,1.865,1.851,0.57%
"May 27, 2016",1.851,1.833,1.855,1.821,1.15%
"May 26, 2016",1.83,1.86,1.87,1.821,-2.24%
"May 25, 2016",1.872,1.859,1.882,1.849,0.38%
"May 24, 2016",1.865,1.838,1.88,1.821,1.63%
"May 23, 2016",1.835,1.838,1.856,1.818,-0.09%
"May 22, 2016",1.837,1.844,1.844,1.835,-0.40%
"May 20, 2016",1.844,1.849,1.868,1.837,-0.16%
"May 19, 2016",1.847,1.849,1.883,1.83,-0.65%
"May 18, 2016",1.859,1.774,1.887,1.764,4.91%
"May 17, 2016",1.772,1.753,1.776,1.736,0.85%
"May 16, 2016",1.757,1.702,1.757,1.7,3.24%
"May 15, 2016",1.702,1.695,1.702,1.695,0.00%
"May 13, 2016",1.702,1.752,1.755,1.7,-2.63%
"May 12, 2016",1.748,1.724,1.765,1.715,0.75%
"May 11, 2016",1.735,1.767,1.77,1.721,-1.08%
"May 10, 2016",1.754,1.753,1.775,1.747,0.17%
"May 09, 2016",1.751,1.789,1.793,1.747,-2.15%
"May 08, 2016",1.789,1.788,1.789,1.784,0.58%
"May 06, 2016",1.779,1.756,1.786,1.705,2.12%
"May 05, 2016",1.742,1.793,1.809,1.735,-1.97%
"May 04, 2016",1.777,1.807,1.817,1.77,-1.06%
"May 03, 2016",1.796,1.856,1.858,1.782,-4.06%
"May 02, 2016",1.872,1.83,1.874,1.81,2.41%
"May 01, 2016",1.828,1.826,1.83,1.826,-0.38%
"Apr 29, 2016",1.835,1.839,1.876,1.816,0.60%
"Apr 28, 2016",1.824,1.847,1.872,1.81,-1.57%
"Apr 27, 2016",1.853,1.922,1.923,1.851,-4.04%
"Apr 26, 2016",1.931,1.907,1.941,1.89,0.84%
"Apr 25, 2016",1.915,1.891,1.914,1.865,1.25%
"Apr 24, 2016",1.891,1.891,1.895,1.891,0.00%
"Apr 22, 2016",1.891,1.868,1.897,1.847,1.39%
"Apr 21, 2016",1.865,1.84,1.891,1.833,1.08%
"Apr 20, 2016",1.845,1.78,1.859,1.752,3.25%
"Apr 19, 2016",1.787,1.783,1.806,1.771,0.90%
"Apr 18, 2016",1.771,1.726,1.787,1.722,2.63%
"Apr 17, 2016",1.726,1.726,1.727,1.724,-1.62%
"Apr 15, 2016",1.754,1.787,1.799,1.74,-2.12%
"Apr 14, 2016",1.792,1.773,1.804,1.752,1.47%
"Apr 13, 2016",1.766,1.778,1.797,1.757,-0.56%
"Apr 12, 2016",1.776,1.729,1.785,1.725,3.14%
"Apr 11, 2016",1.722,1.732,1.755,1.698,-0.60%
"Apr 10, 2016",1.732,1.717,1.734,1.717,0.90%
"Apr 08, 2016",1.717,1.701,1.738,1.699,1.78%
"Apr 07, 2016",1.687,1.758,1.769,1.685,-4.04%
"Apr 06, 2016",1.758,1.732,1.774,1.729,2.21%
"Apr 05, 2016",1.72,1.764,1.764,1.715,-2.38%
"Apr 04, 2016",1.762,1.765,1.791,1.753,-0.19%
"Apr 03, 2016",1.765,1.774,1.774,1.765,-0.49%
"Apr 01, 2016",1.774,1.784,1.814,1.762,0.23%
"Mar 31, 2016",1.77,1.816,1.832,1.769,-3.17%
"Mar 30, 2016",1.828,1.809,1.862,1.804,1.33%
"Mar 29, 2016",1.804,1.883,1.898,1.8,-4.20%
"Mar 28, 2016",1.883,1.914,1.918,1.863,-1.63%
"Mar 27, 2016",1.914,1.907,1.914,1.907,0.75%
"Mar 24, 2016",1.9,1.884,1.902,1.852,1.12%
"Mar 23, 2016",1.879,1.951,1.954,1.872,-3.34%
"Mar 22, 2016",1.944,1.919,1.946,1.879,1.41%
"Mar 21, 2016",1.917,1.893,1.924,1.868,2.15%
"Mar 20, 2016",1.877,1.877,1.877,1.877,0.00%
"Mar 18, 2016",1.877,1.901,1.901,1.863,-1.11%
"Mar 17, 2016",1.898,1.908,1.919,1.854,-0.78%
"Mar 16, 2016",1.913,1.97,2.002,1.908,-2.79%
"Mar 15, 2016",1.968,1.963,1.975,1.915,0.36%
"Mar 14, 2016",1.961,1.979,1.986,1.941,-0.80%
"Mar 13, 2016",1.977,1.98,1.98,1.972,-0.16%
"Mar 11, 2016",1.98,1.932,1.986,1.916,2.27%
"Mar 10, 2016",1.936,1.876,1.952,1.855,3.03%
"Mar 09, 2016",1.879,1.829,1.897,1.825,2.62%
"Mar 08, 2016",1.831,1.908,1.909,1.804,-3.83%
"Mar 07, 2016",1.904,1.879,1.92,1.876,1.31%
"Mar 06, 2016",1.879,1.885,1.885,1.878,0.18%
"Mar 04, 2016",1.876,1.835,1.902,1.818,2.23%
"Mar 03, 2016",1.835,1.834,1.863,1.814,0.00%
"Mar 02, 2016",1.835,1.816,1.872,1.804,0.44%
"Mar 01, 2016",1.827,1.737,1.837,1.702,5.12%
"Feb 29, 2016",1.738,1.757,1.768,1.73,-1.09%
"Feb 28, 2016",1.757,1.764,1.764,1.755,-0.39%
"Feb 26, 2016",1.764,1.724,1.783,1.714,2.92%
"Feb 25, 2016",1.714,1.752,1.76,1.678,-2.17%
"Feb 24, 2016",1.752,1.721,1.755,1.647,2.10%
"Feb 23, 2016",1.716,1.757,1.814,1.714,-2.22%
"Feb 22, 2016",1.755,1.748,1.783,1.747,0.38%
"Feb 21, 2016",1.748,1.75,1.752,1.748,0.30%
"Feb 19, 2016",1.743,1.74,1.785,1.719,0.11%
"Feb 18, 2016",1.741,1.812,1.829,1.736,-4.13%
"Feb 17, 2016",1.816,1.778,1.847,1.74,2.08%
"Feb 16, 2016",1.779,1.772,1.803,1.743,0.38%
"Feb 15, 2016",1.772,1.746,1.777,1.746,1.48%
"Feb 14, 2016",1.746,1.746,1.746,1.746,0.00%
"Feb 12, 2016",1.746,1.663,1.758,1.647,4.93%
"Feb 11, 2016",1.664,1.681,1.683,1.53,-0.54%
"Feb 10, 2016",1.673,1.736,1.774,1.67,-3.35%
"Feb 09, 2016",1.731,1.745,1.767,1.682,-0.97%
"Feb 08, 2016",1.748,1.853,1.87,1.733,-5.66%
"Feb 07, 2016",1.853,1.851,1.855,1.849,0.54%
"Feb 05, 2016",1.843,1.848,1.896,1.825,-0.16%
"Feb 04, 2016",1.846,1.883,1.91,1.841,-1.96%
"Feb 03, 2016",1.883,1.85,1.896,1.793,1.67%
"Feb 02, 2016",1.852,1.943,1.952,1.847,-5.03%
"Feb 01, 2016",1.95,1.933,1.966,1.905,0.88%
"Jan 31, 2016",1.933,1.923,1.936,1.923,0.52%
"Jan 29, 2016",1.923,1.987,1.992,1.911,-2.98%
"Jan 28, 2016",1.982,1.996,2.038,1.971,-1.05%
"Jan 27, 2016",2.003,1.989,2.053,1.98,0.00%
"Jan 26, 2016",2.003,2.005,2.027,1.961,-0.15%
"Jan 25, 2016",2.006,2.059,2.064,2.003,-2.57%
"Jan 24, 2016",2.059,2.061,2.064,2.057,0.09%
"Jan 22, 2016",2.057,2.035,2.089,2.014,1.43%
"Jan 21, 2016",2.028,1.996,2.035,1.956,2.01%
"Jan 20, 2016",1.988,2.056,2.056,1.939,-3.31%
"Jan 19, 2016",2.056,2.047,2.087,2.021,0.53%
"Jan 18, 2016",2.045,2.042,2.047,2.042,0.40%
"Jan 15, 2016",2.037,2.101,2.101,1.986,-2.58%
"Jan 14, 2016",2.091,2.077,2.122,2.049,0.00%
"Jan 13, 2016",2.091,2.117,2.151,2.042,-0.67%
"Jan 12, 2016",2.105,2.175,2.2,2.08,-3.22%
"Jan 11, 2016",2.175,2.126,2.179,2.126,2.81%
"Jan 10, 2016",2.116,2.116,2.116,2.116,0.00%
"Jan 08, 2016",2.116,2.154,2.225,2.112,-1.54%
"Jan 07, 2016",2.149,2.183,2.2,2.119,-0.97%
"Jan 06, 2016",2.17,2.236,2.244,2.168,-3.08%
"Jan 05, 2016",2.239,2.241,2.266,2.223,-0.18%
"Jan 04, 2016",2.243,2.293,2.293,2.2,-2.09%
"Jan 03, 2016",2.291,2.269,2.293,2.269,0.96%
"Dec 31, 2015",2.269,2.303,2.305,2.266,-1.09%
"Dec 30, 2015",2.294,2.3,2.325,2.285,-0.61%
"Dec 29, 2015",2.308,2.232,2.319,2.221,3.41%
"Dec 28, 2015",2.232,2.253,2.257,2.213,-1.03%
"Dec 27, 2015",2.255,2.245,2.255,2.245,0.45%
"Dec 24, 2015",2.245,2.257,2.266,2.239,-0.62%
"Dec 23, 2015",2.259,2.236,2.28,2.234,0.98%
"Dec 22, 2015",2.237,2.195,2.239,2.185,1.91%
"Dec 21, 2015",2.195,2.204,2.225,2.172,-0.33%
"Dec 20, 2015",2.202,2.206,2.206,2.202,-0.08%
"Dec 18, 2015",2.204,2.23,2.234,2.178,-0.94%
"Dec 17, 2015",2.225,2.283,2.285,2.223,-3.18%
"Dec 16, 2015",2.298,2.268,2.332,2.25,1.32%
"Dec 15, 2015",2.268,2.218,2.289,2.202,1.93%
"Dec 14, 2015",2.225,2.155,2.23,2.138,3.58%
"Dec 13, 2015",2.148,2.146,2.148,2.145,0.75%
"Dec 11, 2015",2.132,2.236,2.239,2.12,-4.57%
"Dec 10, 2015",2.234,2.218,2.239,2.206,1.04%
"Dec 09, 2015",2.211,2.227,2.271,2.197,-0.50%
"Dec 08, 2015",2.222,2.236,2.245,2.197,-0.63%
"Dec 07, 2015",2.236,2.285,2.292,2.204,-2.15%
"Dec 06, 2015",2.285,2.283,2.285,2.283,0.54%
"Dec 04, 2015",2.273,2.303,2.358,2.26,-2.07%
"Dec 03, 2015",2.321,2.183,2.347,2.178,6.57%
"Dec 02, 2015",2.178,2.154,2.201,2.154,1.54%
"Dec 01, 2015",2.145,2.217,2.239,2.145,-2.85%
"Nov 30, 2015",2.208,2.218,2.245,2.206,-0.39%
"Nov 29, 2015",2.217,2.222,2.222,2.217,-0.24%
"Nov 27, 2015",2.222,2.222,2.231,2.204,-0.07%
"Nov 26, 2015",2.224,2.22,2.225,2.22,-0.47%
"Nov 25, 2015",2.234,2.246,2.248,2.224,-0.22%
"Nov 24, 2015",2.239,2.243,2.252,2.206,-0.18%
"Nov 23, 2015",2.243,2.273,2.297,2.239,-0.93%
"Nov 22, 2015",2.264,2.264,2.264,2.264,0.00%
"Nov 20, 2015",2.264,2.255,2.266,2.231,0.76%
"Nov 19, 2015",2.247,2.273,2.276,2.232,-1.14%
"Nov 18, 2015",2.273,2.273,2.299,2.259,0.22%
"Nov 17, 2015",2.268,2.275,2.313,2.247,-0.13%
"Nov 16, 2015",2.271,2.245,2.278,2.238,1.25%
"Nov 15, 2015",2.243,2.275,2.275,2.243,-1.41%
"Nov 13, 2015",2.275,2.317,2.32,2.267,-1.73%
"Nov 12, 2015",2.315,2.331,2.354,2.299,-0.69%
"Nov 11, 2015",2.331,2.335,2.335,2.331,-0.21%
"Nov 10, 2015",2.336,2.347,2.353,2.311,-0.55%
"Nov 09, 2015",2.349,2.329,2.377,2.323,0.95%
"Nov 08, 2015",2.327,2.329,2.332,2.327,0.09%
"Nov 06, 2015",2.325,2.236,2.349,2.223,3.98%
"Nov 05, 2015",2.236,2.229,2.263,2.22,0.40%
"Nov 04, 2015",2.227,2.209,2.241,2.198,0.41%
"Nov 03, 2015",2.218,2.167,2.225,2.165,1.93%
"Nov 02, 2015",2.176,2.137,2.189,2.13,1.92%
"Nov 01, 2015",2.135,2.14,2.14,2.131,-0.51%
"Oct 30, 2015",2.146,2.162,2.183,2.142,-1.20%
"Oct 29, 2015",2.172,2.092,2.18,2.081,3.38%
"Oct 28, 2015",2.101,2.044,2.106,2.028,3.14%
"Oct 27, 2015",2.037,2.055,2.06,2.009,-1.02%
"Oct 26, 2015",2.058,2.083,2.085,2.051,-1.20%
"Oct 25, 2015",2.083,2.087,2.087,2.081,-0.19%
"Oct 23, 2015",2.087,2.035,2.099,2.023,2.91%
"Oct 22, 2015",2.028,2.023,2.055,2.003,0.00%
"Oct 21, 2015",2.028,2.06,2.072,2.017,-1.98%
"Oct 20, 2015",2.069,2.024,2.079,2.014,2.27%
"Oct 19, 2015",2.023,2.023,2.056,2.014,-0.07%
"Oct 18, 2015",2.024,2.035,2.035,2.024,-0.52%
"Oct 16, 2015",2.035,2.026,2.037,2,0.79%
"Oct 15, 2015",2.019,1.988,2.028,1.988,2.23%
"Oct 14, 2015",1.975,2.047,2.049,1.974,-3.28%
"Oct 13, 2015",2.042,2.069,2.078,2.037,-1.37%
"Oct 12, 2015",2.07,2.069,2.074,2.069,-0.94%
"Oct 09, 2015",2.09,2.099,2.138,2.079,-0.57%
"Oct 08, 2015",2.102,2.069,2.122,2.033,1.79%
"Oct 07, 2015",2.065,2.037,2.086,2.035,1.47%
"Oct 06, 2015",2.035,2.049,2.077,2.028,-1.12%
"Oct 05, 2015",2.058,1.984,2.063,1.977,3.72%
"Oct 04, 2015",1.984,1.991,1.991,1.984,-0.35%
"Oct 03, 2015",1.991,1.991,1.991,1.991,0.00%
"Oct 02, 2015",1.991,2.049,2.065,1.904,-2.50%
"Oct 01, 2015",2.042,2.042,2.072,2.009,0.34%
"Sep 30, 2015",2.035,2.063,2.104,2.035,-1.21%
"Sep 29, 2015",2.06,2.098,2.12,2.042,-1.81%
"Sep 28, 2015",2.098,2.157,2.169,2.091,-2.73%
"Sep 27, 2015",2.157,2.166,2.166,2.155,-0.42%
"Sep 25, 2015",2.166,2.151,2.198,2.137,1.79%
"Sep 24, 2015",2.128,2.146,2.158,2.081,-1.07%
"Sep 23, 2015",2.151,2.123,2.173,2.121,0.89%
"Sep 22, 2015",2.132,2.198,2.198,2.114,-3.05%
"Sep 21, 2015",2.199,2.148,2.217,2.148,3.07%
"Sep 20, 2015",2.134,2.134,2.134,2.134,0.00%
"Sep 18, 2015",2.134,2.194,2.197,2.126,-2.65%
"Sep 17, 2015",2.192,2.298,2.298,2.188,-4.53%
"Sep 16, 2015",2.296,2.274,2.303,2.258,0.17%
"Sep 15, 2015",2.292,2.185,2.294,2.164,4.99%
"Sep 14, 2015",2.183,2.201,2.203,2.164,-0.89%
"Sep 13, 2015",2.203,2.195,2.204,2.195,0.71%
"Sep 11, 2015",2.187,2.222,2.226,2.172,-1.80%
"Sep 10, 2015",2.227,2.183,2.236,2.176,1.46%
"Sep 09, 2015",2.195,2.186,2.254,2.17,0.41%
"Sep 08, 2015",2.186,2.151,2.201,2.126,1.63%
"Sep 07, 2015",2.151,2.131,2.151,2.131,0.93%
"Sep 04, 2015",2.131,2.165,2.169,2.109,-1.48%
"Sep 03, 2015",2.163,2.179,2.197,2.151,-1.14%
"Sep 02, 2015",2.188,2.161,2.198,2.144,1.34%
"Sep 01, 2015",2.159,2.214,2.214,2.151,-2.48%
"Aug 31, 2015",2.214,2.195,2.22,2.136,0.87%
"Aug 30, 2015",2.195,2.184,2.195,2.184,0.49%
"Aug 28, 2015",2.184,2.193,2.197,2.128,-0.32%
"Aug 27, 2015",2.191,2.168,2.207,2.133,0.50%
"Aug 26, 2015",2.18,2.057,2.193,2.052,4.91%
"Aug 25, 2015",2.078,2.012,2.136,2.007,3.28%
"Aug 24, 2015",2.012,2.031,2.045,1.905,-0.95%
"Aug 23, 2015",2.031,2.045,2.045,2.03,-0.67%
"Aug 21, 2015",2.045,2.078,2.091,2.03,-1.35%
"Aug 20, 2015",2.073,2.133,2.134,2.07,-2.63%
"Aug 19, 2015",2.129,2.194,2.23,2.113,-2.87%
"Aug 18, 2015",2.192,2.164,2.203,2.138,1.01%
"Aug 17, 2015",2.17,2.198,2.201,2.145,-1.18%
"Aug 16, 2015",2.196,2.187,2.196,2.187,-0.23%
"Aug 14, 2015",2.201,2.184,2.221,2.161,0.55%
"Aug 13, 2015",2.189,2.141,2.198,2.112,1.91%
"Aug 12, 2015",2.148,2.15,2.157,2.045,0.23%
"Aug 11, 2015",2.143,2.23,2.232,2.114,-3.99%
"Aug 10, 2015",2.232,2.177,2.243,2.175,2.63%
"Aug 09, 2015",2.175,2.173,2.175,2.171,0.41%
"Aug 07, 2015",2.166,2.228,2.254,2.164,-2.74%
"Aug 06, 2015",2.227,2.272,2.281,2.218,-1.89%
"Aug 05, 2015",2.27,2.234,2.293,2.214,2.11%
"Aug 04, 2015",2.223,2.144,2.228,2.143,3.40%
"Aug 03, 2015",2.15,2.2,2.209,2.139,-2.18%
"Aug 02, 2015",2.198,2.196,2.2,2.196,0.50%
"Jul 31, 2015",2.187,2.257,2.286,2.182,-3.10%
"Jul 30, 2015",2.257,2.295,2.322,2.255,-1.40%
"Jul 29, 2015",2.289,2.259,2.297,2.252,1.73%
"Jul 28, 2015",2.25,2.221,2.266,2.219,1.53%
"Jul 27, 2015",2.216,2.262,2.266,2.21,-2.05%
"Jul 26, 2015",2.262,2.264,2.264,2.262,0.00%
"Jul 24, 2015",2.262,2.275,2.286,2.255,-0.31%
"Jul 23, 2015",2.269,2.325,2.343,2.268,-2.49%
"Jul 22, 2015",2.327,2.331,2.342,2.302,-0.17%
"Jul 21, 2015",2.331,2.372,2.403,2.327,-2.06%
"Jul 20, 2015",2.38,2.36,2.396,2.342,1.41%
"Jul 19, 2015",2.347,2.347,2.347,2.347,0.00%
"Jul 18, 2015",2.347,2.347,2.347,2.347,0.00%
"Jul 17, 2015",2.347,2.361,2.374,2.332,-0.38%
"Jul 16, 2015",2.356,2.374,2.398,2.338,0.00%
"Jul 15, 2015",2.356,2.39,2.432,2.345,-1.71%
"Jul 14, 2015",2.397,2.447,2.45,2.388,-2.00%
"Jul 13, 2015",2.446,2.388,2.47,2.375,2.34%
"Jul 12, 2015",2.39,2.386,2.392,2.386,-0.46%
"Jul 10, 2015",2.401,2.35,2.421,2.334,3.63%
"Jul 09, 2015",2.317,2.197,2.325,2.181,5.46%
"Jul 08, 2015",2.197,2.256,2.256,2.176,-2.57%
"Jul 07, 2015",2.255,2.296,2.316,2.185,-1.53%
"Jul 06, 2015",2.29,2.274,2.346,2.274,0.77%
"Jul 05, 2015",2.272,2.386,2.386,2.271,-4.76%
"Jul 02, 2015",2.386,2.429,2.47,2.364,-1.69%
"Jul 01, 2015",2.427,2.373,2.444,2.349,3.32%
"Jun 30, 2015",2.349,2.326,2.378,2.31,0.90%
"Jun 29, 2015",2.328,2.303,2.409,2.292,1.02%
"Jun 28, 2015",2.304,2.306,2.31,2.304,-6.86%
"Jun 26, 2015",2.474,2.403,2.489,2.394,2.57%
"Jun 25, 2015",2.412,2.365,2.423,2.364,1.64%
"Jun 24, 2015",2.373,2.4,2.416,2.365,-1.70%
"Jun 23, 2015",2.414,2.374,2.429,2.362,1.68%
"Jun 22, 2015",2.374,2.286,2.378,2.279,3.76%
"Jun 21, 2015",2.288,2.261,2.297,2.261,1.19%
"Jun 19, 2015",2.261,2.326,2.326,2.258,-3.13%
"Jun 18, 2015",2.334,2.3,2.381,2.261,0.60%
"Jun 17, 2015",2.32,2.309,2.403,2.304,0.48%
"Jun 16, 2015",2.309,2.352,2.356,2.307,-2.16%
"Jun 15, 2015",2.36,2.349,2.376,2.313,0.41%
"Jun 14, 2015",2.35,2.356,2.356,2.349,-1.66%
"Jun 12, 2015",2.39,2.384,2.406,2.334,0.38%
"Jun 11, 2015",2.381,2.475,2.5,2.377,-4.22%
"Jun 10, 2015",2.486,2.433,2.495,2.433,1.80%
"Jun 09, 2015",2.442,2.388,2.449,2.354,2.52%
"Jun 08, 2015",2.382,2.413,2.415,2.366,-1.28%
"Jun 07, 2015",2.413,2.409,2.417,2.409,0.17%
"Jun 05, 2015",2.409,2.316,2.442,2.314,4.33%
"Jun 04, 2015",2.309,2.361,2.425,2.296,-2.20%
"Jun 03, 2015",2.361,2.259,2.388,2.254,4.19%
"Jun 02, 2015",2.266,2.185,2.277,2.176,3.80%
"Jun 01, 2015",2.183,2.128,2.199,2.106,2.57%
"May 31, 2015",2.128,2.127,2.128,2.127,0.24%
"May 30, 2015",2.123,2.123,2.123,2.123,0.00%
"May 29, 2015",2.123,2.137,2.141,2.09,-0.56%
"May 28, 2015",2.135,2.135,2.153,2.116,0.23%
"May 27, 2015",2.13,2.153,2.176,2.125,-0.56%
"May 26, 2015",2.142,2.204,2.213,2.132,-2.81%
"May 25, 2015",2.204,2.214,2.214,2.202,-0.50%
"May 22, 2015",2.215,2.195,2.241,2.163,0.91%
"May 21, 2015",2.195,2.248,2.257,2.183,-2.75%
"May 20, 2015",2.257,2.28,2.285,2.228,-1.44%
"May 19, 2015",2.29,2.23,2.303,2.183,2.51%
"May 18, 2015",2.234,2.153,2.243,2.139,3.77%
"May 17, 2015",2.153,2.151,2.155,2.151,0.23%
"May 15, 2015",2.148,2.23,2.234,2.132,-3.89%
"May 14, 2015",2.235,2.28,2.292,2.223,-2.61%
"May 13, 2015",2.295,2.26,2.298,2.189,2.14%
"May 12, 2015",2.247,2.276,2.366,2.234,-1.75%
"May 11, 2015",2.287,2.137,2.287,2.13,6.93%
"May 10, 2015",2.139,2.142,2.142,2.139,-0.15%
"May 08, 2015",2.142,2.176,2.2,2.101,-1.65%
"May 07, 2015",2.178,2.241,2.312,2.167,-3.29%
"May 06, 2015",2.252,2.185,2.258,2.178,3.21%
"May 05, 2015",2.182,2.148,2.201,2.117,1.68%
"May 04, 2015",2.146,2.133,2.148,2.087,1.62%
"May 03, 2015",2.112,2.112,2.112,2.112,0.00%
"May 01, 2015",2.112,2.049,2.124,2.046,3.78%
"Apr 30, 2015",2.035,2.033,2.11,2.019,-0.54%
"Apr 29, 2015",2.046,1.986,2.081,1.98,2.15%
"Apr 28, 2015",2.003,1.924,2.007,1.916,4.00%
"Apr 27, 2015",1.926,1.91,1.949,1.895,0.91%
"Apr 26, 2015",1.909,1.91,1.91,1.909,-0.28%
"Apr 24, 2015",1.914,1.958,1.972,1.907,-2.05%
"Apr 23, 2015",1.954,1.98,1.989,1.935,-1.41%
"Apr 22, 2015",1.982,1.909,1.993,1.891,3.72%
"Apr 21, 2015",1.911,1.884,1.919,1.865,1.33%
"Apr 20, 2015",1.886,1.87,1.902,1.853,0.83%
"Apr 19, 2015",1.87,1.865,1.872,1.865,0.29%
"Apr 17, 2015",1.865,1.891,1.912,1.844,-1.58%
"Apr 16, 2015",1.895,1.895,1.926,1.869,0.26%
"Apr 15, 2015",1.89,1.891,1.918,1.872,-0.53%
"Apr 14, 2015",1.9,1.928,1.932,1.855,-1.55%
"Apr 13, 2015",1.93,1.949,1.982,1.926,-1.07%
"Apr 12, 2015",1.951,1.949,1.951,1.947,0.09%
"Apr 10, 2015",1.949,1.963,1.967,1.919,-0.71%
"Apr 09, 2015",1.963,1.902,1.967,1.876,2.99%
"Apr 08, 2015",1.906,1.888,1.925,1.873,1.01%
"Apr 07, 2015",1.887,1.899,1.928,1.881,-0.63%
"Apr 06, 2015",1.899,1.831,1.911,1.826,3.61%
"Apr 05, 2015",1.833,1.842,1.842,1.833,-0.49%
"Apr 03, 2015",1.842,1.904,1.906,1.802,-3.71%
"Apr 02, 2015",1.913,1.859,1.916,1.831,2.90%
"Apr 01, 2015",1.859,1.93,1.947,1.852,-3.53%
"Mar 31, 2015",1.927,1.954,1.968,1.923,-1.33%
"Mar 30, 2015",1.953,1.956,1.975,1.941,-0.16%
"Mar 29, 2015",1.956,1.96,1.96,1.954,-0.19%
"Mar 27, 2015",1.96,2,2.002,1.944,-1.80%
"Mar 26, 2015",1.996,1.927,2.012,1.89,3.58%
"Mar 25, 2015",1.927,1.878,1.932,1.852,2.88%
"Mar 24, 2015",1.873,1.92,1.925,1.866,-1.89%
"Mar 23, 2015",1.909,1.925,1.942,1.906,-0.84%
"Mar 22, 2015",1.925,1.932,1.932,1.925,-0.36%
"Mar 20, 2015",1.932,1.965,1.975,1.923,-1.93%
"Mar 19, 2015",1.97,1.916,1.989,1.899,2.71%
"Mar 18, 2015",1.918,2.056,2.058,1.906,-6.53%
"Mar 17, 2015",2.052,2.08,2.08,2.038,-1.06%
"Mar 16, 2015",2.074,2.107,2.107,2.065,-1.48%
"Mar 15, 2015",2.105,2.107,2.107,2.105,-0.61%
"Mar 13, 2015",2.118,2.116,2.148,2.084,0.38%
"Mar 12, 2015",2.11,2.105,2.123,2.042,0.05%
"Mar 11, 2015",2.109,2.128,2.16,2.096,-0.57%
"Mar 10, 2015",2.121,2.201,2.211,2.117,-3.24%
"Mar 09, 2015",2.192,2.25,2.25,2.186,-2.59%
"Mar 08, 2015",2.25,2.25,2.25,2.249,0.15%
"Mar 06, 2015",2.247,2.121,2.259,2.101,6.14%
"Mar 05, 2015",2.117,2.112,2.147,2.096,-0.09%
"Mar 04, 2015",2.119,2.122,2.142,2.094,-0.14%
"Mar 03, 2015",2.122,2.08,2.128,2.073,1.58%
"Mar 02, 2015",2.089,2.005,2.096,1.991,4.18%
"Mar 01, 2015",2.005,2.005,2.007,2.005,0.46%
"Feb 27, 2015",1.996,2.026,2.052,1.993,-1.72%
"Feb 26, 2015",2.031,1.972,2.038,1.931,2.99%
"Feb 25, 2015",1.972,1.988,2.002,1.957,0.00%
"Feb 24, 2015",1.972,2.066,2.108,1.972,-4.32%
"Feb 23, 2015",2.061,2.113,2.136,2.054,-2.56%
"Feb 22, 2015",2.115,2.12,2.12,2.115,0.00%
"Feb 20, 2015",2.115,2.119,2.141,2.045,-0.33%
"Feb 19, 2015",2.122,2.082,2.126,2.043,1.77%
"Feb 18, 2015",2.085,2.138,2.164,2.043,-2.80%
"Feb 17, 2015",2.145,2.017,2.152,1.998,6.24%
"Feb 16, 2015",2.019,2.019,2.023,2.017,-1.36%
"Feb 13, 2015",2.047,1.984,2.106,1.976,2.97%
"Feb 12, 2015",1.988,1.997,2.049,1.959,-1.63%
"Feb 11, 2015",2.021,1.977,2.028,1.97,0.85%
"Feb 10, 2015",2.004,1.969,2.016,1.96,1.31%
"Feb 09, 2015",1.978,1.941,1.986,1.886,1.91%
"Feb 08, 2015",1.941,1.958,1.958,1.939,-0.87%
"Feb 06, 2015",1.958,1.82,1.965,1.796,7.76%
"Feb 05, 2015",1.817,1.738,1.829,1.718,4.01%
"Feb 04, 2015",1.747,1.791,1.846,1.737,-2.84%
"Feb 03, 2015",1.798,1.673,1.802,1.661,7.41%
"Feb 02, 2015",1.674,1.653,1.712,1.649,1.30%
"Feb 01, 2015",1.653,1.639,1.653,1.639,0.82%
"Jan 30, 2015",1.639,1.761,1.761,1.637,-6.66%
"Jan 29, 2015",1.756,1.727,1.785,1.714,2.15%
"Jan 28, 2015",1.719,1.821,1.835,1.7,-5.96%
"Jan 27, 2015",1.828,1.827,1.832,1.748,0.00%
"Jan 26, 2015",1.828,1.767,1.844,1.752,3.35%
"Jan 25, 2015",1.769,1.77,1.772,1.767,-1.13%
"Jan 23, 2015",1.789,1.875,1.875,1.781,-4.43%
"Jan 22, 2015",1.872,1.868,1.953,1.81,-0.16%
"Jan 21, 2015",1.875,1.796,1.875,1.773,4.69%
"Jan 20, 2015",1.791,1.8,1.837,1.759,-0.51%
"Jan 19, 2015",1.8,1.809,1.809,1.798,-1.69%
"Jan 16, 2015",1.831,1.724,1.839,1.698,5.96%
"Jan 15, 2015",1.728,1.86,1.9,1.702,-6.85%
"Jan 14, 2015",1.855,1.9,1.902,1.784,-2.62%
"Jan 13, 2015",1.905,1.905,1.945,1.864,-0.21%
"Jan 12, 2015",1.909,1.964,1.98,1.902,-2.11%
"Jan 11, 2015",1.95,1.95,1.95,1.95,0.00%
"Jan 09, 2015",1.95,2.018,2.028,1.943,-3.37%
"Jan 08, 2015",2.018,1.976,2.03,1.968,2.49%
"Jan 07, 2015",1.969,1.944,2.009,1.926,1.60%
"Jan 06, 2015",1.938,2.037,2.039,1.887,-4.72%
"Jan 05, 2015",2.034,2.102,2.133,2.027,-3.23%
"Jan 04, 2015",2.102,2.114,2.114,2.1,-0.58%
"Jan 02, 2015",2.114,2.2,2.213,2.102,-2.59%
"Jan 01, 2015",2.17,2.17,2.17,2.17,0.00%
"Dec 31, 2014",2.17,2.183,2.19,2.165,-1.00%
"Dec 30, 2014",2.192,2.202,2.209,2.167,-0.54%
"Dec 29, 2014",2.204,2.248,2.253,2.193,-1.96%
"Dec 28, 2014",2.248,2.252,2.252,2.248,-0.17%
"Dec 26, 2014",2.252,2.255,2.266,2.236,-0.14%
"Dec 25, 2014",2.255,2.255,2.257,2.253,-0.39%
"Dec 24, 2014",2.264,2.26,2.301,2.241,-0.22%
"Dec 23, 2014",2.269,2.157,2.271,2.155,5.24%
"Dec 22, 2014",2.156,2.165,2.19,2.149,-0.51%
"Dec 21, 2014",2.167,2.169,2.169,2.165,0.32%
"Dec 19, 2014",2.16,2.213,2.234,2.157,-2.17%
"Dec 18, 2014",2.208,2.148,2.225,2.111,3.37%
"Dec 17, 2014",2.136,2.061,2.15,2.047,3.64%
"Dec 16, 2014",2.061,2.116,2.118,2.009,-2.55%
"Dec 15, 2014",2.115,2.078,2.136,2.071,1.68%
"Dec 14, 2014",2.08,2.083,2.085,2.08,-0.14%
"Dec 12, 2014",2.083,2.171,2.171,2.083,-3.96%
"Dec 11, 2014",2.169,2.167,2.216,2.139,-0.18%
"Dec 10, 2014",2.173,2.218,2.23,2.155,-1.81%
"Dec 09, 2014",2.213,2.264,2.271,2.187,-2.04%
"Dec 08, 2014",2.259,2.31,2.347,2.243,-2.28%
"Dec 07, 2014",2.312,2.306,2.319,2.306,0.21%
"Dec 05, 2014",2.307,2.245,2.331,2.243,3.18%
"Dec 04, 2014",2.236,2.282,2.298,2.236,-2.02%
"Dec 03, 2014",2.282,2.292,2.306,2.278,-0.52%
"Dec 02, 2014",2.294,2.234,2.296,2.225,2.59%
"Dec 01, 2014",2.236,2.178,2.243,2.15,2.74%
"Nov 30, 2014",2.176,2.173,2.178,2.173,0.15%
"Nov 28, 2014",2.173,2.215,2.225,2.166,-1.89%
"Nov 27, 2014",2.215,2.211,2.217,2.211,-1.35%
"Nov 26, 2014",2.245,2.259,2.262,2.229,-0.62%
"Nov 25, 2014",2.259,2.305,2.317,2.257,-2.00%
"Nov 24, 2014",2.305,2.31,2.338,2.299,-0.29%
"Nov 23, 2014",2.312,2.312,2.312,2.312,0.00%
"Nov 21, 2014",2.312,2.34,2.354,2.308,-1.11%
"Nov 20, 2014",2.338,2.358,2.358,2.303,-0.85%
"Nov 19, 2014",2.358,2.317,2.363,2.31,1.77%
"Nov 18, 2014",2.317,2.335,2.342,2.308,-0.98%
"Nov 17, 2014",2.34,2.313,2.347,2.282,1.23%
"Nov 16, 2014",2.312,2.319,2.324,2.312,-0.32%
"Nov 14, 2014",2.319,2.345,2.377,2.315,-1.11%
"Nov 13, 2014",2.345,2.377,2.384,2.34,-1.18%
"Nov 12, 2014",2.373,2.373,2.377,2.319,0.08%
"Nov 11, 2014",2.371,2.373,2.373,2.369,0.47%
"Nov 10, 2014",2.36,2.308,2.362,2.273,2.32%
"Nov 09, 2014",2.306,2.308,2.31,2.306,0.24%
"Nov 07, 2014",2.301,2.387,2.407,2.299,-3.40%
"Nov 06, 2014",2.382,2.344,2.391,2.326,1.53%
"Nov 05, 2014",2.346,2.333,2.369,2.328,0.47%
"Nov 04, 2014",2.335,2.341,2.351,2.303,-0.47%
"Nov 03, 2014",2.346,2.309,2.384,2.301,0.46%
"Nov 02, 2014",2.335,2.335,2.335,2.335,0.00%
"Oct 31, 2014",2.335,2.307,2.359,2.296,1.17%
"Oct 30, 2014",2.308,2.31,2.333,2.28,-0.56%
"Oct 29, 2014",2.321,2.296,2.362,2.276,0.91%
"Oct 28, 2014",2.3,2.262,2.3,2.248,1.81%
"Oct 27, 2014",2.259,2.287,2.298,2.243,-1.16%
"Oct 26, 2014",2.285,2.266,2.291,2.266,0.86%
"Oct 24, 2014",2.266,2.275,2.278,2.229,-0.48%
"Oct 23, 2014",2.277,2.216,2.3,2.201,2.57%
"Oct 22, 2014",2.22,2.216,2.25,2.178,-0.31%
"Oct 21, 2014",2.227,2.176,2.227,2.135,1.55%
"Oct 20, 2014",2.193,2.218,2.225,2.16,-1.22%
"Oct 19, 2014",2.22,2.199,2.225,2.199,0.95%
"Oct 17, 2014",2.199,2.155,2.229,2.122,2.23%
"Oct 16, 2014",2.151,2.111,2.18,1.978,1.03%
"Oct 15, 2014",2.129,2.204,2.229,1.865,-3.10%
"Oct 14, 2014",2.197,2.24,2.264,2.176,-1.83%
"Oct 13, 2014",2.238,2.234,2.241,2.234,-2.10%
"Oct 10, 2014",2.286,2.316,2.348,2.28,-1.76%
"Oct 09, 2014",2.327,2.33,2.345,2.279,0.39%
"Oct 08, 2014",2.318,2.352,2.386,2.311,-0.98%
"Oct 07, 2014",2.341,2.421,2.43,2.337,-3.26%
"Oct 06, 2014",2.42,2.439,2.452,2.404,-0.87%
"Oct 05, 2014",2.441,2.436,2.443,2.436,0.21%
"Oct 03, 2014",2.436,2.436,2.484,2.429,0.00%
"Oct 02, 2014",2.436,2.387,2.439,2.384,1.97%
"Oct 01, 2014",2.389,2.5,2.508,2.384,-4.25%
"Sep 30, 2014",2.495,2.479,2.524,2.479,0.65%
"Sep 29, 2014",2.479,2.524,2.54,2.479,-1.85%
"Sep 28, 2014",2.526,2.524,2.526,2.522,-0.07%
"Sep 27, 2014",2.528,2.528,2.528,2.528,0.00%
"Sep 26, 2014",2.528,2.506,2.549,2.49,0.96%
"Sep 25, 2014",2.504,2.567,2.571,2.502,-2.42%
"Sep 24, 2014",2.566,2.531,2.569,2.527,1.54%
"Sep 23, 2014",2.527,2.556,2.556,2.527,-1.52%
"Sep 22, 2014",2.566,2.569,2.578,2.547,-0.19%
"Sep 21, 2014",2.571,2.578,2.578,2.571,-0.28%
"Sep 19, 2014",2.578,2.629,2.655,2.575,-1.53%
"Sep 18, 2014",2.618,2.629,2.642,2.594,-0.15%
"Sep 17, 2014",2.622,2.591,2.625,2.547,1.08%
"Sep 16, 2014",2.594,2.591,2.596,2.553,0.12%
"Sep 15, 2014",2.591,2.612,2.651,2.582,-0.82%
"Sep 14, 2014",2.612,2.612,2.612,2.612,0.14%
"Sep 13, 2014",2.609,2.609,2.609,2.609,0.00%
"Sep 12, 2014",2.609,2.547,2.616,2.545,2.31%
"Sep 11, 2014",2.55,2.532,2.554,2.507,0.28%
"Sep 10, 2014",2.543,2.5,2.543,2.493,1.64%
"Sep 09, 2014",2.502,2.48,2.509,2.478,1.25%
"Sep 08, 2014",2.471,2.45,2.48,2.421,0.87%
"Sep 07, 2014",2.45,2.459,2.459,2.45,-0.38%
"Sep 05, 2014",2.459,2.468,2.487,2.387,0.24%
"Sep 04, 2014",2.453,2.403,2.457,2.382,2.29%
"Sep 03, 2014",2.398,2.419,2.467,2.396,-1.03%
"Sep 02, 2014",2.423,2.357,2.425,2.354,2.71%
"Sep 01, 2014",2.359,2.345,2.359,2.345,0.61%
"Aug 31, 2014",2.345,2.345,2.345,2.345,0.00%
"Aug 29, 2014",2.345,2.343,2.354,2.325,0.30%
"Aug 28, 2014",2.338,2.357,2.357,2.322,-0.97%
"Aug 27, 2014",2.361,2.393,2.394,2.357,-1.54%
"Aug 26, 2014",2.398,2.384,2.4,2.368,0.59%
"Aug 25, 2014",2.384,2.41,2.432,2.377,-1.10%
"Aug 24, 2014",2.41,2.409,2.41,2.409,0.31%
"Aug 22, 2014",2.403,2.41,2.444,2.378,-0.25%
"Aug 21, 2014",2.409,2.434,2.448,2.398,-0.78%
"Aug 20, 2014",2.428,2.401,2.446,2.398,1.04%
"Aug 19, 2014",2.403,2.396,2.407,2.361,0.38%
"Aug 18, 2014",2.394,2.356,2.398,2.352,1.56%
"Aug 17, 2014",2.357,2.359,2.359,2.357,0.70%
"Aug 15, 2014",2.341,2.407,2.412,2.303,-2.58%
"Aug 14, 2014",2.403,2.43,2.442,2.391,-0.70%
"Aug 13, 2014",2.42,2.458,2.471,2.408,-1.18%
"Aug 12, 2014",2.449,2.431,2.451,2.415,0.82%
"Aug 11, 2014",2.429,2.431,2.44,2.411,-0.09%
"Aug 10, 2014",2.431,2.422,2.433,2.422,0.38%
"Aug 08, 2014",2.422,2.42,2.426,2.349,0.54%
"Aug 07, 2014",2.409,2.471,2.482,2.408,-2.43%
"Aug 06, 2014",2.469,2.487,2.489,2.433,-0.80%
"Aug 05, 2014",2.489,2.487,2.525,2.473,0.16%
"Aug 04, 2014",2.485,2.502,2.513,2.471,-0.59%
"Aug 03, 2014",2.5,2.498,2.5,2.498,0.22%
"Aug 02, 2014",2.494,2.494,2.494,2.494,0.00%
"Aug 01, 2014",2.494,2.562,2.591,2.482,-2.65%
"Jul 31, 2014",2.562,2.558,2.614,2.538,0.08%
"Jul 30, 2014",2.56,2.46,2.569,2.458,3.98%
"Jul 29, 2014",2.462,2.491,2.498,2.451,-1.01%
"Jul 28, 2014",2.487,2.471,2.496,2.466,0.72%
"Jul 27, 2014",2.469,2.467,2.471,2.467,0.09%
"Jul 25, 2014",2.467,2.503,2.52,2.464,-1.40%
"Jul 24, 2014",2.502,2.469,2.522,2.458,1.34%
"Jul 23, 2014",2.469,2.467,2.478,2.449,0.12%
"Jul 22, 2014",2.466,2.473,2.505,2.46,-0.12%
"Jul 21, 2014",2.469,2.482,2.491,2.448,-0.52%
"Jul 20, 2014",2.482,2.482,2.482,2.482,0.00%
"Jul 18, 2014",2.482,2.451,2.502,2.448,1.64%
"Jul 17, 2014",2.442,2.525,2.527,2.441,-3.48%
"Jul 16, 2014",2.53,2.547,2.569,2.527,-0.86%
"Jul 15, 2014",2.552,2.547,2.57,2.52,0.20%
"Jul 14, 2014",2.547,2.525,2.55,2.518,0.94%
"Jul 13, 2014",2.523,2.523,2.523,2.523,0.29%
"Jul 12, 2014",2.516,2.516,2.516,2.516,0.00%
"Jul 11, 2014",2.516,2.536,2.547,2.505,-0.87%
"Jul 10, 2014",2.538,2.558,2.558,2.494,-0.70%
"Jul 09, 2014",2.556,2.559,2.603,2.543,-0.12%
"Jul 08, 2014",2.559,2.616,2.621,2.554,-2.10%
"Jul 07, 2014",2.614,2.656,2.661,2.608,-1.64%
"Jul 06, 2014",2.658,2.654,2.658,2.654,0.62%
"Jul 03, 2014",2.641,2.625,2.692,2.615,0.49%
"Jul 02, 2014",2.628,2.568,2.63,2.548,2.38%
"Jul 01, 2014",2.567,2.53,2.57,2.521,1.38%
"Jun 30, 2014",2.532,2.529,2.548,2.514,0.06%
"Jun 29, 2014",2.53,2.53,2.53,2.53,-0.22%
"Jun 27, 2014",2.536,2.527,2.536,2.507,0.16%
"Jun 26, 2014",2.532,2.561,2.568,2.516,-1.13%
"Jun 25, 2014",2.561,2.577,2.588,2.529,-0.62%
"Jun 24, 2014",2.577,2.619,2.621,2.575,-1.87%
"Jun 23, 2014",2.626,2.612,2.63,2.59,0.55%
"Jun 22, 2014",2.612,2.608,2.612,2.608,0.14%
"Jun 20, 2014",2.608,2.622,2.659,2.606,-0.50%
"Jun 19, 2014",2.621,2.59,2.646,2.565,1.20%
"Jun 18, 2014",2.59,2.659,2.66,2.586,-2.37%
"Jun 17, 2014",2.653,2.601,2.657,2.588,2.16%
"Jun 16, 2014",2.597,2.602,2.613,2.577,-0.21%
"Jun 15, 2014",2.602,2.608,2.608,2.602,-0.21%
"Jun 13, 2014",2.608,2.606,2.644,2.586,0.42%
"Jun 12, 2014",2.597,2.644,2.658,2.575,-1.63%
"Jun 11, 2014",2.64,2.653,2.662,2.613,0.00%
"Jun 10, 2014",2.64,2.602,2.651,2.59,1.23%
"Jun 09, 2014",2.608,2.595,2.628,2.595,0.57%
"Jun 08, 2014",2.593,2.595,2.595,2.593,-0.15%
"Jun 06, 2014",2.597,2.582,2.602,2.53,0.50%
"Jun 05, 2014",2.584,2.597,2.647,2.57,-0.84%
"Jun 04, 2014",2.606,2.595,2.615,2.568,0.27%
"Jun 03, 2014",2.599,2.529,2.6,2.518,2.85%
"Jun 02, 2014",2.527,2.484,2.541,2.475,1.81%
"Jun 01, 2014",2.482,2.48,2.482,2.48,0.29%
"May 30, 2014",2.475,2.466,2.491,2.452,0.20%
"May 29, 2014",2.47,2.448,2.47,2.402,1.02%
"May 28, 2014",2.445,2.514,2.516,2.434,-2.90%
"May 27, 2014",2.518,2.539,2.553,2.512,-0.91%
"May 26, 2014",2.541,2.543,2.545,2.541,0.21%
"May 25, 2014",2.536,2.536,2.536,2.536,0.00%
"May 23, 2014",2.536,2.552,2.557,2.518,-0.70%
"May 22, 2014",2.554,2.543,2.568,2.534,0.79%
"May 21, 2014",2.534,2.509,2.561,2.5,0.80%
"May 20, 2014",2.514,2.543,2.553,2.502,-1.22%
"May 19, 2014",2.545,2.521,2.546,2.495,0.94%
"May 18, 2014",2.521,2.523,2.523,2.52,-0.07%
"May 16, 2014",2.523,2.495,2.527,2.489,1.08%
"May 15, 2014",2.496,2.543,2.562,2.473,-2.04%
"May 14, 2014",2.548,2.616,2.62,2.525,-2.41%
"May 13, 2014",2.611,2.661,2.661,2.607,-1.88%
"May 12, 2014",2.661,2.631,2.665,2.631,1.09%
"May 11, 2014",2.632,2.623,2.632,2.623,0.35%
"May 09, 2014",2.623,2.611,2.636,2.591,0.46%
"May 08, 2014",2.611,2.623,2.634,2.58,0.81%
"May 07, 2014",2.59,2.599,2.617,2.577,-0.12%
"May 06, 2014",2.593,2.606,2.626,2.586,-0.50%
"May 05, 2014",2.606,2.575,2.613,2.572,0.77%
"May 04, 2014",2.586,2.586,2.586,2.586,0.00%
"May 02, 2014",2.586,2.615,2.7,2.573,-1.03%
"May 01, 2014",2.613,2.659,2.662,2.593,-1.25%
"Apr 30, 2014",2.646,2.691,2.717,2.644,-1.89%
"Apr 29, 2014",2.697,2.708,2.731,2.688,-0.41%
"Apr 28, 2014",2.708,2.675,2.71,2.668,1.30%
"Apr 27, 2014",2.673,2.673,2.673,2.673,0.27%
"Apr 25, 2014",2.666,2.686,2.69,2.644,-0.60%
"Apr 24, 2014",2.682,2.702,2.733,2.681,-0.41%
"Apr 23, 2014",2.693,2.717,2.722,2.677,-0.66%
"Apr 22, 2014",2.711,2.717,2.748,2.699,-0.15%
"Apr 21, 2014",2.715,2.719,2.733,2.688,-0.14%
"Apr 20, 2014",2.719,2.721,2.721,2.711,-0.08%
"Apr 17, 2014",2.721,2.632,2.726,2.623,3.26%
"Apr 16, 2014",2.635,2.626,2.661,2.625,0.19%
"Apr 15, 2014",2.63,2.646,2.663,2.596,-0.75%
"Apr 14, 2014",2.65,2.603,2.657,2.603,1.80%
"Apr 13, 2014",2.603,2.607,2.607,2.603,-0.95%
"Apr 11, 2014",2.628,2.641,2.657,2.607,-0.72%
"Apr 10, 2014",2.647,2.695,2.703,2.614,-1.71%
"Apr 09, 2014",2.693,2.684,2.723,2.674,0.37%
"Apr 08, 2014",2.683,2.708,2.721,2.674,-0.67%
"Apr 07, 2014",2.701,2.723,2.735,2.683,-0.72%
"Apr 06, 2014",2.721,2.721,2.723,2.721,-0.19%
"Apr 04, 2014",2.726,2.799,2.801,2.721,-2.68%
"Apr 03, 2014",2.801,2.806,2.806,2.777,-0.18%
"Apr 02, 2014",2.806,2.757,2.81,2.755,1.85%
"Apr 01, 2014",2.755,2.726,2.766,2.724,1.32%
"Mar 31, 2014",2.719,2.724,2.768,2.719,-0.20%
"Mar 30, 2014",2.724,2.721,2.724,2.721,0.05%
"Mar 28, 2014",2.723,2.685,2.734,2.67,1.49%
"Mar 27, 2014",2.683,2.695,2.714,2.659,-0.41%
"Mar 26, 2014",2.694,2.75,2.763,2.685,-2.04%
"Mar 25, 2014",2.75,2.735,2.763,2.721,0.73%
"Mar 24, 2014",2.73,2.757,2.783,2.721,-0.98%
"Mar 23, 2014",2.757,2.744,2.757,2.744,0.40%
"Mar 21, 2014",2.746,2.766,2.784,2.741,-0.97%
"Mar 20, 2014",2.773,2.768,2.793,2.743,0.00%
"Mar 19, 2014",2.773,2.674,2.793,2.661,3.70%
"Mar 18, 2014",2.674,2.694,2.701,2.661,-0.74%
"Mar 17, 2014",2.694,2.642,2.699,2.638,2.05%
"Mar 16, 2014",2.64,2.642,2.644,2.638,-0.60%
"Mar 14, 2014",2.656,2.647,2.667,2.61,0.42%
"Mar 13, 2014",2.645,2.734,2.755,2.642,-3.18%
"Mar 12, 2014",2.732,2.77,2.773,2.714,-1.37%
"Mar 11, 2014",2.77,2.783,2.799,2.763,-0.32%
"Mar 10, 2014",2.779,2.79,2.804,2.764,-0.38%
"Mar 09, 2014",2.79,2.79,2.793,2.79,0.00%
"Mar 07, 2014",2.79,2.744,2.821,2.721,1.86%
"Mar 06, 2014",2.739,2.703,2.748,2.698,1.14%
"Mar 05, 2014",2.708,2.692,2.719,2.68,0.26%
"Mar 04, 2014",2.701,2.605,2.703,2.603,3.76%
"Mar 03, 2014",2.603,2.61,2.635,2.592,-0.20%
"Mar 02, 2014",2.608,2.653,2.653,2.605,-1.54%
"Feb 28, 2014",2.649,2.646,2.698,2.633,0.38%
"Feb 27, 2014",2.639,2.673,2.678,2.635,-1.01%
"Feb 26, 2014",2.666,2.707,2.719,2.662,-1.37%
"Feb 25, 2014",2.703,2.744,2.748,2.698,-1.39%
"Feb 24, 2014",2.741,2.736,2.763,2.721,0.14%
"Feb 23, 2014",2.737,2.734,2.739,2.734,0.19%
"Feb 21, 2014",2.732,2.755,2.781,2.73,-0.73%
"Feb 20, 2014",2.752,2.734,2.773,2.698,0.47%
"Feb 19, 2014",2.739,2.707,2.743,2.675,1.11%
"Feb 18, 2014",2.709,2.75,2.763,2.696,-1.43%
"Feb 17, 2014",2.748,2.752,2.752,2.748,0.12%
"Feb 14, 2014",2.745,2.739,2.755,2.711,0.40%
"Feb 13, 2014",2.734,2.786,2.786,2.727,-1.05%
"Feb 12, 2014",2.763,2.72,2.777,2.715,1.36%
"Feb 11, 2014",2.726,2.682,2.733,2.682,2.14%
"Feb 10, 2014",2.669,2.684,2.695,2.664,-0.55%
"Feb 09, 2014",2.684,2.686,2.686,2.684,0.00%
"Feb 07, 2014",2.684,2.7,2.726,2.633,-0.67%
"Feb 06, 2014",2.702,2.669,2.709,2.658,1.24%
"Feb 05, 2014",2.669,2.629,2.675,2.599,1.44%
"Feb 04, 2014",2.631,2.586,2.635,2.575,2.10%
"Feb 03, 2014",2.577,2.666,2.68,2.57,-3.33%
"Feb 02, 2014",2.666,2.662,2.666,2.662,0.82%
"Jan 31, 2014",2.644,2.699,2.71,2.646,-1.97%
"Jan 30, 2014",2.697,2.688,2.726,2.675,0.67%
"Jan 29, 2014",2.679,2.775,2.79,2.662,-2.65%
"Jan 28, 2014",2.752,2.753,2.785,2.739,0.07%
"Jan 27, 2014",2.75,2.715,2.768,2.71,1.29%
"Jan 26, 2014",2.715,2.71,2.715,2.71,-0.15%
"Jan 24, 2014",2.719,2.781,2.788,2.706,-2.16%
"Jan 23, 2014",2.779,2.871,2.873,2.759,-3.07%
"Jan 22, 2014",2.867,2.83,2.867,2.829,1.24%
"Jan 21, 2014",2.832,2.827,2.867,2.819,0.12%
"Jan 20, 2014",2.829,2.829,2.829,2.827,0.27%
"Jan 17, 2014",2.821,2.845,2.86,2.818,-0.70%
"Jan 16, 2014",2.841,2.893,2.893,2.838,-1.80%
"Jan 15, 2014",2.893,2.875,2.912,2.86,0.70%
"Jan 14, 2014",2.873,2.836,2.875,2.829,1.56%
"Jan 13, 2014",2.829,2.864,2.865,2.819,-1.01%
"Jan 12, 2014",2.858,2.858,2.858,2.858,-0.07%
"Jan 10, 2014",2.86,2.973,2.974,2.856,-3.67%
"Jan 09, 2014",2.969,2.987,3.001,2.96,-0.74%
"Jan 08, 2014",2.991,2.945,3.01,2.945,1.70%
"Jan 07, 2014",2.941,2.961,2.967,2.937,-0.57%
"Jan 06, 2014",2.958,3.013,3.013,2.947,-1.78%
"Jan 05, 2014",3.012,3.015,3.015,3.012,0.45%
"Jan 03, 2014",2.998,2.984,3.012,2.969,0.23%
"Jan 02, 2014",2.991,3.038,3.041,2.978,-1.17%
"Jan 01, 2014",3.026,3.026,3.026,3.026,0.00%
"Dec 31, 2013",3.026,2.98,3.036,2.98,1.82%
"Dec 30, 2013",2.972,3.006,3.015,2.967,-1.12%
"Dec 29, 2013",3.006,3.002,3.007,3.002,0.12%
"Dec 27, 2013",3.002,2.989,3.02,2.972,0.33%
"Dec 26, 2013",2.992,2.998,3,2.951,-0.26%
"Dec 25, 2013",3,2.981,3,2.981,0.63%
"Dec 24, 2013",2.981,2.929,2.987,2.922,1.71%
"Dec 23, 2013",2.931,2.891,2.935,2.876,1.59%
"Dec 22, 2013",2.885,2.894,2.894,2.885,-0.17%
"Dec 20, 2013",2.89,2.94,2.966,2.879,-1.33%
"Dec 19, 2013",2.929,2.887,2.951,2.878,1.14%
"Dec 18, 2013",2.896,2.841,2.929,2.824,2.08%
"Dec 17, 2013",2.837,2.874,2.887,2.835,-1.46%
"Dec 16, 2013",2.879,2.866,2.887,2.839,0.37%
"Dec 15, 2013",2.868,2.87,2.87,2.866,0.08%
"Dec 13, 2013",2.866,2.877,2.89,2.854,-0.45%
"Dec 12, 2013",2.879,2.859,2.888,2.841,0.84%
"Dec 11, 2013",2.855,2.821,2.859,2.803,1.86%
"Dec 10, 2013",2.803,2.844,2.85,2.792,-1.34%
"Dec 09, 2013",2.841,2.864,2.866,2.833,-0.88%
"Dec 08, 2013",2.866,2.859,2.87,2.859,0.33%
"Dec 06, 2013",2.857,2.879,2.932,2.841,-0.56%
"Dec 05, 2013",2.873,2.835,2.877,2.822,1.27%
"Dec 04, 2013",2.837,2.788,2.852,2.777,1.90%
"Dec 03, 2013",2.784,2.801,2.806,2.757,-0.46%
"Dec 02, 2013",2.797,2.753,2.81,2.752,1.65%
"Dec 01, 2013",2.752,2.752,2.753,2.75,0.21%
"Nov 29, 2013",2.746,2.746,2.768,2.736,-0.08%
"Nov 28, 2013",2.748,2.737,2.75,2.737,0.33%
"Nov 27, 2013",2.739,2.714,2.77,2.708,1.07%
"Nov 26, 2013",2.71,2.719,2.734,2.694,-0.73%
"Nov 25, 2013",2.73,2.755,2.77,2.728,-0.85%
"Nov 24, 2013",2.753,2.744,2.755,2.744,0.35%
"Nov 22, 2013",2.744,2.784,2.793,2.744,-1.58%
"Nov 21, 2013",2.788,2.811,2.839,2.775,-0.57%
"Nov 20, 2013",2.804,2.707,2.806,2.685,3.39%
"Nov 19, 2013",2.712,2.669,2.716,2.66,1.73%
"Nov 18, 2013",2.666,2.714,2.721,2.662,-1.77%
"Nov 17, 2013",2.714,2.703,2.716,2.703,0.41%
"Nov 15, 2013",2.703,2.696,2.732,2.691,0.37%
"Nov 14, 2013",2.693,2.718,2.739,2.684,-0.85%
"Nov 13, 2013",2.716,2.77,2.772,2.688,-2.09%
"Nov 12, 2013",2.774,2.766,2.792,2.753,0.21%
"Nov 11, 2013",2.768,2.751,2.768,2.751,0.62%
"Nov 08, 2013",2.751,2.602,2.763,2.593,5.73%
"Nov 07, 2013",2.602,2.644,2.651,2.596,-1.59%
"Nov 06, 2013",2.644,2.668,2.673,2.631,-0.97%
"Nov 05, 2013",2.67,2.602,2.677,2.594,2.57%
"Nov 04, 2013",2.603,2.615,2.624,2.589,-0.65%
"Nov 03, 2013",2.62,2.62,2.62,2.62,0.00%
"Nov 01, 2013",2.62,2.56,2.629,2.554,2.66%
"Oct 31, 2013",2.552,2.542,2.571,2.502,0.55%
"Oct 30, 2013",2.538,2.509,2.549,2.473,1.40%
"Oct 29, 2013",2.503,2.52,2.536,2.5,-0.79%
"Oct 28, 2013",2.523,2.514,2.527,2.5,0.42%
"Oct 27, 2013",2.512,2.511,2.514,2.511,0.06%
"Oct 25, 2013",2.511,2.52,2.522,2.494,-0.36%
"Oct 24, 2013",2.52,2.5,2.522,2.474,0.88%
"Oct 23, 2013",2.498,2.507,2.509,2.471,-0.52%
"Oct 22, 2013",2.511,2.607,2.611,2.509,-3.46%
"Oct 21, 2013",2.601,2.59,2.62,2.579,0.48%
"Oct 20, 2013",2.589,2.585,2.59,2.585,0.22%
"Oct 18, 2013",2.583,2.601,2.605,2.54,-0.35%
"Oct 17, 2013",2.592,2.671,2.672,2.581,-2.81%
"Oct 16, 2013",2.667,2.74,2.759,2.663,-2.24%
"Oct 15, 2013",2.728,2.739,2.74,2.691,-0.46%
"Oct 14, 2013",2.74,2.74,2.742,2.737,1.84%
"Oct 11, 2013",2.691,2.687,2.693,2.645,0.30%
"Oct 10, 2013",2.683,2.667,2.722,2.667,0.83%
"Oct 09, 2013",2.661,2.623,2.674,2.616,0.87%
"Oct 08, 2013",2.638,2.626,2.659,2.614,0.30%
"Oct 07, 2013",2.63,2.634,2.637,2.606,-0.21%
"Oct 06, 2013",2.636,2.634,2.636,2.634,-0.36%
"Oct 04, 2013",2.645,2.61,2.659,2.61,1.54%
"Oct 03, 2013",2.605,2.617,2.652,2.581,-0.53%
"Oct 02, 2013",2.619,2.659,2.661,2.592,-1.17%
"Oct 01, 2013",2.65,2.614,2.666,2.612,1.34%
"Sep 30, 2013",2.615,2.595,2.645,2.59,0.76%
"Sep 29, 2013",2.595,2.628,2.628,2.592,-1.24%
"Sep 27, 2013",2.628,2.648,2.67,2.605,-0.76%
"Sep 26, 2013",2.648,2.635,2.659,2.622,0.84%
"Sep 25, 2013",2.626,2.657,2.666,2.61,-1.09%
"Sep 24, 2013",2.655,2.703,2.708,2.642,-1.70%
"Sep 23, 2013",2.701,2.736,2.758,2.697,-1.26%
"Sep 22, 2013",2.736,2.736,2.736,2.736,0.00%
"Sep 20, 2013",2.736,2.752,2.774,2.717,-0.58%
"Sep 19, 2013",2.752,2.704,2.757,2.675,2.23%
"Sep 18, 2013",2.692,2.844,2.9,2.673,-5.51%
"Sep 17, 2013",2.849,2.868,2.874,2.829,-0.45%
"Sep 16, 2013",2.862,2.89,2.89,2.777,-0.98%
"Sep 15, 2013",2.89,2.89,2.89,2.89,0.00%
"Sep 13, 2013",2.89,2.914,2.957,2.879,-0.52%
"Sep 12, 2013",2.905,2.92,2.92,2.862,-0.24%
"Sep 11, 2013",2.912,2.97,2.979,2.908,-1.82%
"Sep 10, 2013",2.966,2.918,2.972,2.916,1.78%
"Sep 09, 2013",2.914,2.942,2.951,2.875,-0.94%
"Sep 08, 2013",2.942,2.934,2.944,2.934,0.26%
"Sep 07, 2013",2.934,2.934,2.934,2.934,0.00%
"Sep 06, 2013",2.934,2.99,3.007,2.864,-2.07%
"Sep 05, 2013",2.996,2.895,3.001,2.885,3.42%
"Sep 04, 2013",2.897,2.865,2.908,2.847,1.19%
"Sep 03, 2013",2.863,2.837,2.913,2.813,0.97%
"Sep 02, 2013",2.835,2.837,2.837,2.826,1.65%
"Sep 01, 2013",2.789,2.789,2.789,2.789,0.00%
"Aug 30, 2013",2.789,2.771,2.793,2.744,0.98%
"Aug 29, 2013",2.762,2.778,2.831,2.743,-0.11%
"Aug 28, 2013",2.765,2.718,2.795,2.705,2.07%
"Aug 27, 2013",2.709,2.798,2.813,2.707,-2.80%
"Aug 26, 2013",2.787,2.824,2.84,2.783,-1.30%
"Aug 25, 2013",2.824,2.824,2.826,2.822,0.21%
"Aug 23, 2013",2.818,2.818,2.818,2.818,-2.56%
"Aug 22, 2013",2.892,2.892,2.892,2.892,0.00%
"Aug 21, 2013",2.892,2.892,2.892,2.892,2.63%
"Aug 20, 2013",2.818,2.818,2.818,2.818,-2.22%
"Aug 19, 2013",2.882,2.882,2.882,2.882,1.29%
"Aug 18, 2013",2.845,2.843,2.847,2.84,0.72%
"Aug 16, 2013",2.825,2.825,2.825,2.825,2.21%
"Aug 15, 2013",2.764,2.764,2.764,2.764,1.92%
"Aug 14, 2013",2.712,2.712,2.712,2.712,-0.33%
"Aug 13, 2013",2.721,2.721,2.721,2.721,3.78%
"Aug 12, 2013",2.622,2.622,2.622,2.622,1.83%
"Aug 11, 2013",2.575,2.58,2.58,2.573,-0.21%
"Aug 10, 2013",2.58,2.58,2.58,2.58,0.00%
"Aug 09, 2013",2.58,2.58,2.58,2.58,-0.27%
"Aug 08, 2013",2.587,2.587,2.587,2.587,-0.46%
"Aug 07, 2013",2.599,2.599,2.599,2.599,-1.63%
"Aug 06, 2013",2.642,2.642,2.642,2.642,0.08%
"Aug 05, 2013",2.64,2.64,2.64,2.64,1.62%
"Aug 03, 2013",2.598,2.598,2.598,2.598,0.00%
"Aug 02, 2013",2.598,2.598,2.598,2.598,-4.06%
"Aug 01, 2013",2.708,2.708,2.708,2.708,4.64%
"Jul 31, 2013",2.588,2.588,2.588,2.588,-0.69%
"Jul 30, 2013",2.606,2.606,2.606,2.606,0.27%
"Jul 29, 2013",2.599,2.599,2.599,2.599,1.35%
"Jul 27, 2013",2.564,2.564,2.564,2.564,0.00%
"Jul 26, 2013",2.564,2.564,2.564,2.564,-0.50%
"Jul 25, 2013",2.577,2.577,2.577,2.577,-0.27%
"Jul 24, 2013",2.584,2.584,2.584,2.584,3.07%
"Jul 23, 2013",2.507,2.507,2.507,2.507,0.93%
"Jul 22, 2013",2.484,2.484,2.484,2.484,0.08%
"Jul 20, 2013",2.482,2.482,2.482,2.482,0.00%
"Jul 19, 2013",2.482,2.482,2.482,2.482,-2.05%
"Jul 18, 2013",2.534,2.534,2.534,2.534,1.73%
"Jul 17, 2013",2.491,2.491,2.491,2.491,-1.62%
"Jul 16, 2013",2.532,2.532,2.532,2.532,-0.43%
"Jul 15, 2013",2.543,2.543,2.543,2.543,-1.88%
"Jul 13, 2013",2.592,2.592,2.592,2.592,0.00%
"Jul 12, 2013",2.592,2.592,2.592,2.592,0.78%
"Jul 11, 2013",2.572,2.572,2.572,2.572,-3.81%
"Jul 10, 2013",2.674,2.674,2.674,2.674,1.29%
"Jul 09, 2013",2.64,2.64,2.64,2.64,0.08%
"Jul 08, 2013",2.638,2.638,2.638,2.638,-3.59%
"Jul 06, 2013",2.736,2.736,2.736,2.736,0.00%
"Jul 05, 2013",2.736,2.736,2.736,2.736,9.30%
"Jul 04, 2013",2.503,2.503,2.503,2.503,0.00%
"Jul 03, 2013",2.503,2.503,2.503,2.503,1.30%
"Jul 02, 2013",2.471,2.471,2.471,2.471,-0.24%
"Jul 01, 2013",2.477,2.477,2.477,2.477,-0.42%
"Jun 29, 2013",2.487,2.487,2.487,2.487,0.00%
"Jun 28, 2013",2.487,2.487,2.487,2.487,0.53%
"Jun 27, 2013",2.474,2.474,2.474,2.474,-2.64%
"Jun 26, 2013",2.541,2.541,2.541,2.541,-2.72%
"Jun 25, 2013",2.612,2.612,2.612,2.612,2.67%
"Jun 24, 2013",2.544,2.544,2.544,2.544,0.07%
"Jun 23, 2013",2.542,2.542,2.542,2.542,0.00%
"Jun 22, 2013",2.542,2.542,2.542,2.542,0.00%
"Jun 21, 2013",2.542,2.542,2.542,2.542,5.00%
"Jun 20, 2013",2.421,2.421,2.421,2.421,2.85%
"Jun 19, 2013",2.354,2.354,2.354,2.354,7.73%
"Jun 18, 2013",2.185,2.185,2.185,2.185,0.32%
"Jun 17, 2013",2.178,2.178,2.178,2.178,2.28%
"Jun 16, 2013",2.129,2.129,2.129,2.129,0.00%
"Jun 15, 2013",2.129,2.129,2.129,2.129,-0.02%
"Jun 14, 2013",2.13,2.13,2.13,2.13,-0.88%
"Jun 13, 2013",2.149,2.149,2.149,2.149,-3.55%
"Jun 12, 2013",2.228,2.228,2.228,2.228,1.74%
"Jun 11, 2013",2.19,2.19,2.19,2.19,-1.04%
"Jun 10, 2013",2.213,2.213,2.213,2.213,1.56%
"Jun 08, 2013",2.179,2.179,2.179,2.179,0.00%
"Jun 07, 2013",2.179,2.179,2.179,2.179,4.81%
"Jun 06, 2013",2.079,2.079,2.079,2.079,-0.57%
"Jun 05, 2013",2.091,2.091,2.091,2.091,-2.74%
"Jun 04, 2013",2.15,2.15,2.15,2.15,1.03%
"Jun 03, 2013",2.128,2.128,2.128,2.128,-0.17%
"Jun 01, 2013",2.132,2.132,2.132,2.132,0.00%
"May 31, 2013",2.132,2.132,2.132,2.132,0.61%
"May 30, 2013",2.119,2.119,2.119,2.119,0.00%
"May 29, 2013",2.119,2.119,2.119,2.119,-2.22%
"May 28, 2013",2.167,2.167,2.167,2.167,7.77%
"May 25, 2013",2.011,2.011,2.011,2.011,0.00%
"May 24, 2013",2.011,2.011,2.011,2.011,-0.25%
"May 23, 2013",2.016,2.016,2.016,2.016,-1.03%
"May 22, 2013",2.037,2.037,2.037,2.037,5.54%
"May 21, 2013",1.93,1.93,1.93,1.93,-1.78%
"May 20, 2013",1.965,1.965,1.965,1.965,0.56%
"May 18, 2013",1.954,1.954,1.954,1.954,0.00%
"May 17, 2013",1.954,1.954,1.954,1.954,3.99%
"May 16, 2013",1.879,1.879,1.879,1.879,-3.14%
"May 15, 2013",1.94,1.94,1.94,1.94,-2.12%
"May 14, 2013",1.982,1.982,1.982,1.982,3.39%
"May 13, 2013",1.917,1.917,1.917,1.917,0.90%
"May 11, 2013",1.9,1.9,1.9,1.9,0.00%
"May 10, 2013",1.9,1.9,1.9,1.9,4.80%
"May 09, 2013",1.813,1.813,1.813,1.813,2.60%
"May 08, 2013",1.767,1.767,1.767,1.767,-0.73%
"May 07, 2013",1.78,1.78,1.78,1.78,0.91%
"May 06, 2013",1.764,1.764,1.764,1.764,1.38%
"May 03, 2013",1.74,1.74,1.74,1.74,7.14%
"May 02, 2013",1.624,1.624,1.624,1.624,-0.49%
"May 01, 2013",1.632,1.632,1.632,1.632,-2.45%
"Apr 30, 2013",1.673,1.673,1.673,1.673,0.36%
"Apr 29, 2013",1.667,1.667,1.667,1.667,0.12%
"Apr 26, 2013",1.665,1.665,1.665,1.665,-2.63%
"Apr 25, 2013",1.71,1.71,1.71,1.71,0.41%
"Apr 24, 2013",1.703,1.703,1.703,1.703,-0.18%
"Apr 23, 2013",1.706,1.706,1.706,1.706,0.65%
"Apr 22, 2013",1.695,1.695,1.695,1.695,-0.59%
"Apr 19, 2013",1.705,1.705,1.705,1.705,1.13%
"Apr 18, 2013",1.686,1.686,1.686,1.686,-0.71%
"Apr 17, 2013",1.698,1.698,1.698,1.698,-1.39%
"Apr 16, 2013",1.722,1.722,1.722,1.722,2.01%
"Apr 15, 2013",1.688,1.688,1.688,1.688,-1.92%
"Apr 12, 2013",1.721,1.721,1.721,1.721,-3.91%
"Apr 11, 2013",1.791,1.791,1.791,1.791,-0.78%
"Apr 10, 2013",1.805,1.805,1.805,1.805,3.03%
"Apr 09, 2013",1.752,1.752,1.752,1.752,0.40%
"Apr 08, 2013",1.745,1.745,1.745,1.745,1.81%
"Apr 05, 2013",1.714,1.714,1.714,1.714,-2.94%
"Apr 04, 2013",1.766,1.766,1.766,1.766,-2.75%
"Apr 03, 2013",1.816,1.816,1.816,1.816,-2.47%
"Apr 02, 2013",1.862,1.862,1.862,1.862,1.47%
"Apr 01, 2013",1.835,1.835,1.835,1.835,-0.92%
"Mar 28, 2013",1.852,1.852,1.852,1.852,0.38%
"Mar 27, 2013",1.845,1.845,1.845,1.845,-3.45%
"Mar 26, 2013",1.911,1.911,1.911,1.911,-0.47%
"Mar 25, 2013",1.92,1.92,1.92,1.92,-0.36%
"Mar 22, 2013",1.927,1.927,1.927,1.927,0.63%
"Mar 21, 2013",1.915,1.915,1.915,1.915,-2.20%
"Mar 20, 2013",1.958,1.958,1.958,1.958,2.84%
"Mar 19, 2013",1.904,1.904,1.904,1.904,-2.61%
"Mar 18, 2013",1.955,1.955,1.955,1.955,-1.81%
"Mar 15, 2013",1.991,1.991,1.991,1.991,-2.26%
"Mar 14, 2013",2.037,2.037,2.037,2.037,0.69%
"Mar 13, 2013",2.023,2.023,2.023,2.023,0.20%
"Mar 12, 2013",2.019,2.019,2.019,2.019,-2.04%
"Mar 11, 2013",2.061,2.061,2.061,2.061,0.59%
"Mar 08, 2013",2.049,2.049,2.049,2.049,2.71%
"Mar 07, 2013",1.995,1.995,1.995,1.995,2.89%
"Mar 06, 2013",1.939,1.939,1.939,1.939,2.16%
"Mar 05, 2013",1.898,1.898,1.898,1.898,1.01%
"Mar 04, 2013",1.879,1.879,1.879,1.879,1.84%
"Mar 01, 2013",1.845,1.845,1.845,1.845,-1.91%
"Feb 28, 2013",1.881,1.881,1.881,1.881,-1.00%
"Feb 27, 2013",1.9,1.9,1.9,1.9,0.74%
"Feb 26, 2013",1.886,1.886,1.886,1.886,1.13%
"Feb 25, 2013",1.865,1.865,1.865,1.865,-4.94%
"Feb 22, 2013",1.962,1.962,1.962,1.962,-0.61%
"Feb 21, 2013",1.974,1.974,1.974,1.974,-1.79%
"Feb 20, 2013",2.01,2.01,2.01,2.01,-0.89%
"Feb 19, 2013",2.028,2.028,2.028,2.028,1.15%
"Feb 15, 2013",2.005,2.005,2.005,2.005,0.35%
"Feb 14, 2013",1.998,1.998,1.998,1.998,-1.48%
"Feb 13, 2013",2.028,2.028,2.028,2.028,2.48%
"Feb 12, 2013",1.979,1.979,1.979,1.979,0.76%
"Feb 11, 2013",1.964,1.964,1.964,1.964,0.72%
"Feb 08, 2013",1.95,1.95,1.95,1.95,-0.46%
"Feb 07, 2013",1.959,1.959,1.959,1.959,-0.25%
"Feb 06, 2013",1.964,1.964,1.964,1.964,-2.04%
"Feb 05, 2013",2.005,2.005,2.005,2.005,2.45%
"Feb 04, 2013",1.957,1.957,1.957,1.957,-3.36%
"Feb 01, 2013",2.025,2.025,2.025,2.025,2.02%
"Jan 31, 2013",1.985,1.985,1.985,1.985,-0.35%
"Jan 30, 2013",1.992,1.992,1.992,1.992,-0.35%
"Jan 29, 2013",1.999,1.999,1.999,1.999,1.73%
"Jan 28, 2013",1.965,1.965,1.965,1.965,0.82%
"Jan 25, 2013",1.949,1.949,1.949,1.949,5.24%
"Jan 24, 2013",1.852,1.852,1.852,1.852,1.31%
"Jan 23, 2013",1.828,1.828,1.828,1.828,-0.81%
"Jan 22, 2013",1.843,1.843,1.843,1.843,0.16%
"Jan 18, 2013",1.84,1.84,1.84,1.84,-2.34%
"Jan 17, 2013",1.884,1.884,1.884,1.884,3.57%
"Jan 16, 2013",1.819,1.819,1.819,1.819,-0.93%
"Jan 15, 2013",1.836,1.836,1.836,1.836,-0.65%
"Jan 14, 2013",1.848,1.848,1.848,1.848,-0.96%
"Jan 11, 2013",1.866,1.866,1.866,1.866,-1.74%
"Jan 10, 2013",1.899,1.899,1.899,1.899,2.10%
"Jan 09, 2013",1.86,1.86,1.86,1.86,-0.21%
"Jan 08, 2013",1.864,1.864,1.864,1.864,-1.95%
"Jan 07, 2013",1.901,1.901,1.901,1.901,-0.11%
"Jan 04, 2013",1.903,1.903,1.903,1.903,-0.42%
"Jan 03, 2013",1.911,1.911,1.911,1.911,4.14%
"Jan 02, 2013",1.835,1.835,1.835,1.835,4.50%
"Dec 31, 2012",1.756,1.756,1.756,1.756,3.23%
"Dec 28, 2012",1.701,1.701,1.701,1.701,-1.90%
"Dec 27, 2012",1.734,1.734,1.734,1.734,-0.86%
"Dec 26, 2012",1.749,1.749,1.749,1.749,-1.52%
"Dec 24, 2012",1.776,1.776,1.776,1.776,0.34%
"Dec 21, 2012",1.77,1.77,1.77,1.77,-1.67%
"Dec 20, 2012",1.8,1.8,1.8,1.8,-0.39%
"Dec 19, 2012",1.807,1.807,1.807,1.807,-0.77%
"Dec 18, 2012",1.821,1.821,1.821,1.821,2.71%
"Dec 17, 2012",1.773,1.773,1.773,1.773,4.05%
"Dec 14, 2012",1.704,1.704,1.704,1.704,-1.62%
"Dec 13, 2012",1.732,1.732,1.732,1.732,1.76%
"Dec 12, 2012",1.702,1.702,1.702,1.702,2.78%
"Dec 11, 2012",1.656,1.656,1.656,1.656,2.35%
"Dec 10, 2012",1.618,1.618,1.618,1.618,-0.31%
"Dec 07, 2012",1.623,1.623,1.623,1.623,2.33%
"Dec 06, 2012",1.586,1.586,1.586,1.586,-0.31%
"Dec 05, 2012",1.591,1.591,1.591,1.591,-0.87%
"Dec 04, 2012",1.605,1.605,1.605,1.605,-1.05%
"Dec 03, 2012",1.622,1.622,1.622,1.622,0.37%
"Nov 30, 2012",1.616,1.616,1.616,1.616,-0.25%
"Nov 29, 2012",1.62,1.62,1.62,1.62,-0.80%
"Nov 28, 2012",1.633,1.633,1.633,1.633,-0.37%
"Nov 27, 2012",1.639,1.639,1.639,1.639,-1.62%
"Nov 26, 2012",1.666,1.666,1.666,1.666,-1.59%
"Nov 23, 2012",1.693,1.693,1.693,1.693,0.77%
"Nov 21, 2012",1.68,1.68,1.68,1.68,0.72%
"Nov 20, 2012",1.668,1.668,1.668,1.668,3.41%
"Nov 19, 2012",1.613,1.613,1.613,1.613,1.83%
"Nov 16, 2012",1.584,1.584,1.584,1.584,-0.69%
"Nov 15, 2012",1.595,1.595,1.595,1.595,0.38%
"Nov 14, 2012",1.589,1.589,1.589,1.589,-0.38%
"Nov 13, 2012",1.595,1.595,1.595,1.595,-1.12%
"Nov 09, 2012",1.613,1.613,1.613,1.613,-0.31%
"Nov 08, 2012",1.618,1.618,1.618,1.618,-1.58%
"Nov 07, 2012",1.644,1.644,1.644,1.644,-6.11%
"Nov 06, 2012",1.751,1.751,1.751,1.751,4.29%
"Nov 05, 2012",1.679,1.679,1.679,1.679,-2.21%
"Nov 02, 2012",1.717,1.717,1.717,1.717,-0.75%
"Nov 01, 2012",1.73,1.73,1.73,1.73,2.13%
"Oct 31, 2012",1.694,1.694,1.694,1.694,-1.57%
"Oct 29, 2012",1.721,1.721,1.721,1.721,-1.60%
"Oct 26, 2012",1.749,1.749,1.749,1.749,-3.48%
"Oct 25, 2012",1.812,1.812,1.812,1.812,1.00%
"Oct 24, 2012",1.794,1.794,1.794,1.794,1.87%
"Oct 23, 2012",1.761,1.761,1.761,1.761,-2.98%
"Oct 22, 2012",1.815,1.815,1.815,1.815,2.77%
"Oct 19, 2012",1.766,1.766,1.766,1.766,-3.55%
"Oct 18, 2012",1.831,1.831,1.831,1.831,0.49%
"Oct 17, 2012",1.822,1.822,1.822,1.822,5.81%
"Oct 16, 2012",1.722,1.722,1.722,1.722,3.24%
"Oct 15, 2012",1.668,1.668,1.668,1.668,0.72%
"Oct 12, 2012",1.656,1.656,1.656,1.656,-0.72%
"Oct 11, 2012",1.668,1.668,1.668,1.668,-0.71%
"Oct 10, 2012",1.68,1.68,1.68,1.68,-1.93%
"Oct 09, 2012",1.713,1.713,1.713,1.713,-1.10%
"Oct 05, 2012",1.732,1.732,1.732,1.732,3.53%
"Oct 04, 2012",1.673,1.673,1.673,1.673,3.53%
"Oct 03, 2012",1.616,1.616,1.616,1.616,-0.25%
"Oct 02, 2012",1.62,1.62,1.62,1.62,0.12%
"Oct 01, 2012",1.618,1.618,1.618,1.618,-0.92%
"Sep 28, 2012",1.633,1.633,1.633,1.633,-1.39%
"Sep 27, 2012",1.656,1.656,1.656,1.656,2.92%
"Sep 26, 2012",1.609,1.609,1.609,1.609,-3.71%
"Sep 25, 2012",1.671,1.671,1.671,1.671,-2.57%
"Sep 24, 2012",1.715,1.715,1.715,1.715,-2.22%
"Sep 21, 2012",1.754,1.754,1.754,1.754,-0.62%
"Sep 20, 2012",1.765,1.765,1.765,1.765,-0.51%
"Sep 19, 2012",1.774,1.774,1.774,1.774,-2.10%
"Sep 18, 2012",1.812,1.812,1.812,1.812,-1.68%
"Sep 17, 2012",1.843,1.843,1.843,1.843,-1.39%
"Sep 14, 2012",1.869,1.869,1.869,1.869,8.60%
"Sep 13, 2012",1.721,1.721,1.721,1.721,-2.10%
"Sep 12, 2012",1.758,1.758,1.758,1.758,3.41%
"Sep 11, 2012",1.7,1.7,1.7,1.7,2.78%
"Sep 10, 2012",1.654,1.654,1.654,1.654,-0.84%
"Sep 07, 2012",1.668,1.668,1.668,1.668,-0.48%
"Sep 06, 2012",1.676,1.676,1.676,1.676,5.01%
"Sep 05, 2012",1.596,1.596,1.596,1.596,1.40%
"Sep 04, 2012",1.574,1.574,1.574,1.574,1.68%
"Aug 31, 2012",1.548,1.548,1.548,1.548,-4.91%
"Aug 30, 2012",1.628,1.628,1.628,1.628,-1.45%
"Aug 29, 2012",1.652,1.652,1.652,1.652,0.92%
"Aug 28, 2012",1.637,1.637,1.637,1.637,-0.91%
"Aug 27, 2012",1.652,1.652,1.652,1.652,-2.07%
"Aug 24, 2012",1.687,1.687,1.687,1.687,0.72%
"Aug 23, 2012",1.675,1.675,1.675,1.675,-1.18%
"Aug 22, 2012",1.695,1.695,1.695,1.695,-5.94%
"Aug 21, 2012",1.802,1.802,1.802,1.802,-0.44%
"Aug 20, 2012",1.81,1.81,1.81,1.81,-0.22%
"Aug 17, 2012",1.814,1.814,1.814,1.814,-1.14%
"Aug 16, 2012",1.835,1.835,1.835,1.835,0.99%
"Aug 15, 2012",1.817,1.817,1.817,1.817,4.85%
"Aug 14, 2012",1.733,1.733,1.733,1.733,4.02%
"Aug 13, 2012",1.666,1.666,1.666,1.666,0.42%
"Aug 10, 2012",1.659,1.659,1.659,1.659,-2.12%
"Aug 09, 2012",1.695,1.695,1.695,1.695,2.67%
"Aug 08, 2012",1.651,1.651,1.651,1.651,1.41%
"Aug 07, 2012",1.628,1.628,1.628,1.628,4.03%
"Aug 06, 2012",1.565,1.565,1.565,1.565,-0.19%
"Aug 03, 2012",1.568,1.568,1.568,1.568,6.09%
"Aug 02, 2012",1.478,1.478,1.478,1.478,-3.02%
"Aug 01, 2012",1.524,1.524,1.524,1.524,3.67%
"Jul 31, 2012",1.47,1.47,1.47,1.47,-2.00%
"Jul 30, 2012",1.5,1.5,1.5,1.5,-2.91%
"Jul 27, 2012",1.545,1.545,1.545,1.545,7.44%
"Jul 26, 2012",1.438,1.438,1.438,1.438,2.93%
"Jul 25, 2012",1.397,1.397,1.397,1.397,0.43%
"Jul 24, 2012",1.391,1.391,1.391,1.391,-3.27%
"Jul 23, 2012",1.438,1.438,1.438,1.438,-1.37%
"Jul 20, 2012",1.458,1.458,1.458,1.458,-3.51%
"Jul 19, 2012",1.511,1.511,1.511,1.511,1.14%
"Jul 18, 2012",1.494,1.494,1.494,1.494,-0.93%
"Jul 17, 2012",1.508,1.508,1.508,1.508,2.52%
"Jul 16, 2012",1.471,1.471,1.471,1.471,-1.34%
"Jul 13, 2012",1.491,1.491,1.491,1.491,0.88%
"Jul 12, 2012",1.478,1.478,1.478,1.478,-2.44%
"Jul 11, 2012",1.515,1.515,1.515,1.515,0.87%
"Jul 10, 2012",1.502,1.502,1.502,1.502,-0.73%
"Jul 09, 2012",1.513,1.513,1.513,1.513,-2.32%
"Jul 06, 2012",1.549,1.549,1.549,1.549,-3.13%
"Jul 05, 2012",1.599,1.599,1.599,1.599,-1.78%
"Jul 03, 2012",1.628,1.628,1.628,1.628,2.58%
"Jul 02, 2012",1.587,1.587,1.587,1.587,-3.41%
"Jun 29, 2012",1.643,1.643,1.643,1.643,3.72%
"Jun 28, 2012",1.584,1.584,1.584,1.584,-2.28%
"Jun 27, 2012",1.621,1.621,1.621,1.621,-0.43%
"Jun 26, 2012",1.628,1.628,1.628,1.628,1.50%
"Jun 25, 2012",1.604,1.604,1.604,1.604,-4.30%
"Jun 22, 2012",1.676,1.676,1.676,1.676,3.46%
"Jun 21, 2012",1.62,1.62,1.62,1.62,-1.82%
"Jun 20, 2012",1.65,1.65,1.65,1.65,1.85%
"Jun 19, 2012",1.62,1.62,1.62,1.62,2.92%
"Jun 18, 2012",1.574,1.574,1.574,1.574,-0.76%
"Jun 15, 2012",1.586,1.586,1.586,1.586,-3.41%
"Jun 14, 2012",1.642,1.642,1.642,1.642,2.69%
"Jun 13, 2012",1.599,1.599,1.599,1.599,-3.91%
"Jun 12, 2012",1.664,1.664,1.664,1.664,4.92%
"Jun 11, 2012",1.586,1.586,1.586,1.586,-2.82%
"Jun 08, 2012",1.632,1.632,1.632,1.632,-0.73%
"Jun 07, 2012",1.644,1.644,1.644,1.644,-1.02%
"Jun 06, 2012",1.661,1.661,1.661,1.661,5.59%
"Jun 05, 2012",1.573,1.573,1.573,1.573,3.22%
"Jun 04, 2012",1.524,1.524,1.524,1.524,4.46%
"Jun 01, 2012",1.459,1.459,1.459,1.459,-6.65%
"May 31, 2012",1.563,1.563,1.563,1.563,-3.46%
"May 30, 2012",1.619,1.619,1.619,1.619,-7.38%
"May 29, 2012",1.748,1.748,1.748,1.748,0.20%
"May 28, 2012",1.745,1.745,1.745,1.745,-0.09%
"May 25, 2012",1.746,1.746,1.746,1.746,-2.08%
"May 24, 2012",1.783,1.783,1.783,1.783,2.89%
"May 23, 2012",1.733,1.733,1.733,1.733,-2.48%
"May 22, 2012",1.777,1.777,1.777,1.777,1.95%
"May 21, 2012",1.743,1.743,1.743,1.743,1.16%
"May 18, 2012",1.723,1.723,1.723,1.723,1.95%
"May 17, 2012",1.69,1.69,1.69,1.69,-3.92%
"May 16, 2012",1.759,1.759,1.759,1.759,-0.62%
"May 15, 2012",1.77,1.77,1.77,1.77,0.06%
"May 14, 2012",1.769,1.769,1.769,1.769,-3.91%
"May 11, 2012",1.841,1.841,1.841,1.841,-1.76%
"May 10, 2012",1.874,1.874,1.874,1.874,2.63%
"May 09, 2012",1.826,1.826,1.826,1.826,-0.87%
"May 08, 2012",1.842,1.842,1.842,1.842,-1.66%
"May 07, 2012",1.873,1.873,1.873,1.873,-0.32%
"May 04, 2012",1.879,1.879,1.879,1.879,-2.79%
"May 03, 2012",1.933,1.933,1.933,1.933,0.26%
"May 02, 2012",1.928,1.928,1.928,1.928,-0.87%
"May 01, 2012",1.945,1.945,1.945,1.945,1.35%
"Apr 30, 2012",1.919,1.919,1.919,1.919,-0.93%
"Apr 27, 2012",1.937,1.937,1.937,1.937,-0.51%
"Apr 26, 2012",1.947,1.947,1.947,1.947,-2.06%
"Apr 25, 2012",1.988,1.988,1.988,1.988,0.71%
"Apr 24, 2012",1.974,1.974,1.974,1.974,1.75%
"Apr 23, 2012",1.94,1.94,1.94,1.94,-0.97%
"Apr 20, 2012",1.959,1.959,1.959,1.959,-0.46%
"Apr 19, 2012",1.968,1.968,1.968,1.968,-0.35%
"Apr 18, 2012",1.975,1.975,1.975,1.975,-1.05%
"Apr 17, 2012",1.996,1.996,1.996,1.996,0.71%
"Apr 16, 2012",1.982,1.982,1.982,1.982,-0.35%
"Apr 13, 2012",1.989,1.989,1.989,1.989,-3.26%
"Apr 12, 2012",2.056,2.056,2.056,2.056,0.93%
"Apr 11, 2012",2.037,2.037,2.037,2.037,2.57%
"Apr 10, 2012",1.986,1.986,1.986,1.986,-2.98%
"Apr 09, 2012",2.047,2.047,2.047,2.047,0.00%
"Apr 06, 2012",2.047,2.047,2.047,2.047,-6.10%
"Apr 05, 2012",2.18,2.18,2.18,2.18,-1.93%
"Apr 04, 2012",2.223,2.223,2.223,2.223,-3.05%
"Apr 03, 2012",2.293,2.293,2.293,2.293,5.18%
"Apr 02, 2012",2.18,2.18,2.18,2.18,-1.54%
"Mar 30, 2012",2.214,2.214,2.214,2.214,2.55%
"Mar 29, 2012",2.159,2.159,2.159,2.159,-1.91%
"Mar 28, 2012",2.201,2.201,2.201,2.201,0.64%
"Mar 27, 2012",2.187,2.187,2.187,2.187,-2.93%
"Mar 26, 2012",2.253,2.253,2.253,2.253,0.90%
"Mar 23, 2012",2.233,2.233,2.233,2.233,-2.15%
"Mar 22, 2012",2.282,2.282,2.282,2.282,-0.61%
"Mar 21, 2012",2.296,2.296,2.296,2.296,-2.84%
"Mar 20, 2012",2.363,2.363,2.363,2.363,-0.51%
"Mar 19, 2012",2.375,2.375,2.375,2.375,3.35%
"Mar 16, 2012",2.298,2.298,2.298,2.298,0.83%
"Mar 15, 2012",2.279,2.279,2.279,2.279,0.22%
"Mar 14, 2012",2.274,2.274,2.274,2.274,6.96%
"Mar 13, 2012",2.126,2.126,2.126,2.126,4.37%
"Mar 12, 2012",2.037,2.037,2.037,2.037,0.34%
"Mar 09, 2012",2.03,2.03,2.03,2.03,0.69%
"Mar 08, 2012",2.016,2.016,2.016,2.016,2.23%
"Mar 07, 2012",1.972,1.972,1.972,1.972,1.13%
"Mar 06, 2012",1.95,1.95,1.95,1.95,-2.84%
"Mar 05, 2012",2.007,2.007,2.007,2.007,1.41%
"Mar 02, 2012",1.979,1.979,1.979,1.979,-2.51%
"Mar 01, 2012",2.03,2.03,2.03,2.03,2.84%
"Feb 29, 2012",1.974,1.974,1.974,1.974,1.70%
"Feb 28, 2012",1.941,1.941,1.941,1.941,0.83%
"Feb 27, 2012",1.925,1.925,1.925,1.925,-2.63%
"Feb 24, 2012",1.977,1.977,1.977,1.977,-0.95%
"Feb 23, 2012",1.996,1.996,1.996,1.996,-0.30%
"Feb 22, 2012",2.002,2.002,2.002,2.002,-2.86%
"Feb 21, 2012",2.061,2.061,2.061,2.061,1.14%
"Feb 20, 2012",2.038,2.038,2.038,2.038,1.89%
"Feb 17, 2012",2,2,2,2,0.81%
"Feb 16, 2012",1.984,1.984,1.984,1.984,2.64%
"Feb 15, 2012",1.933,1.933,1.933,1.933,-0.26%
"Feb 14, 2012",1.938,1.938,1.938,1.938,-2.02%
"Feb 13, 2012",1.978,1.978,1.978,1.978,-0.30%
"Feb 10, 2012",1.984,1.984,1.984,1.984,-2.55%
"Feb 09, 2012",2.036,2.036,2.036,2.036,2.72%
"Feb 08, 2012",1.982,1.982,1.982,1.982,0.25%
"Feb 07, 2012",1.977,1.977,1.977,1.977,4.00%
"Feb 06, 2012",1.901,1.901,1.901,1.901,-1.20%
"Feb 03, 2012",1.924,1.924,1.924,1.924,5.54%
"Feb 02, 2012",1.823,1.823,1.823,1.823,-0.38%
"Feb 01, 2012",1.83,1.83,1.83,1.83,1.95%
"Jan 31, 2012",1.795,1.795,1.795,1.795,-2.76%
"Jan 30, 2012",1.846,1.846,1.846,1.846,-2.38%
"Jan 27, 2012",1.891,1.891,1.891,1.891,-2.53%
"Jan 26, 2012",1.94,1.94,1.94,1.94,-3.10%
"Jan 25, 2012",2.002,2.002,2.002,2.002,-2.96%
"Jan 24, 2012",2.063,2.063,2.063,2.063,0.24%
"Jan 23, 2012",2.058,2.058,2.058,2.058,1.63%
"Jan 20, 2012",2.025,2.025,2.025,2.025,2.17%
"Jan 19, 2012",1.982,1.982,1.982,1.982,4.43%
"Jan 18, 2012",1.898,1.898,1.898,1.898,2.15%
"Jan 17, 2012",1.858,1.858,1.858,1.858,-0.11%
"Jan 16, 2012",1.86,1.86,1.86,1.86,-0.59%
"Jan 13, 2012",1.871,1.871,1.871,1.871,-2.86%
"Jan 12, 2012",1.926,1.926,1.926,1.926,1.10%
"Jan 11, 2012",1.905,1.905,1.905,1.905,-2.95%
"Jan 10, 2012",1.963,1.963,1.963,1.963,0.36%
"Jan 09, 2012",1.956,1.956,1.956,1.956,-0.10%
"Jan 06, 2012",1.958,1.958,1.958,1.958,-1.90%
"Jan 05, 2012",1.996,1.996,1.996,1.996,0.60%
"Jan 04, 2012",1.984,1.984,1.984,1.984,1.43%
"Jan 03, 2012",1.956,1.956,1.956,1.956,4.44%
"Jan 02, 2012",1.873,1.873,1.873,1.873,-0.17%
"Dec 30, 2011",1.876,1.876,1.876,1.876,-1.21%
"Dec 29, 2011",1.899,1.899,1.899,1.899,-1.15%
"Dec 28, 2011",1.921,1.921,1.921,1.921,-4.05%
"Dec 27, 2011",2.002,2.002,2.002,2.002,-1.17%
"Dec 26, 2011",2.026,2.026,2.026,2.026,0.23%
"Dec 23, 2011",2.021,2.021,2.021,2.021,3.48%
"Dec 22, 2011",1.953,1.953,1.953,1.953,-0.86%
"Dec 21, 2011",1.97,1.97,1.97,1.97,2.23%
"Dec 20, 2011",1.927,1.927,1.927,1.927,6.46%
"Dec 19, 2011",1.81,1.81,1.81,1.81,-2.22%
"Dec 16, 2011",1.851,1.851,1.851,1.851,-3.14%
"Dec 15, 2011",1.911,1.911,1.911,1.911,0.37%
"Dec 14, 2011",1.904,1.904,1.904,1.904,-3.01%
"Dec 13, 2011",1.963,1.963,1.963,1.963,-2.68%
"Dec 12, 2011",2.017,2.017,2.017,2.017,-2.23%
"Dec 09, 2011",2.063,2.063,2.063,2.063,4.72%
"Dec 08, 2011",1.97,1.97,1.97,1.97,-3.10%
"Dec 07, 2011",2.033,2.033,2.033,2.033,-2.54%
"Dec 06, 2011",2.086,2.086,2.086,2.086,2.61%
"Dec 05, 2011",2.033,2.033,2.033,2.033,0.00%
"Dec 02, 2011",2.033,2.033,2.033,2.033,-2.54%
"Dec 01, 2011",2.086,2.086,2.086,2.086,0.72%
"Nov 30, 2011",2.071,2.071,2.071,2.071,4.18%
"Nov 29, 2011",1.988,1.988,1.988,1.988,0.91%
"Nov 28, 2011",1.97,1.97,1.97,1.97,0.25%
"Nov 25, 2011",1.965,1.965,1.965,1.965,3.75%
"Nov 24, 2011",1.894,1.894,1.894,1.894,0.31%
"Nov 23, 2011",1.888,1.888,1.888,1.888,-1.77%
"Nov 22, 2011",1.922,1.922,1.922,1.922,-2.19%
"Nov 21, 2011",1.965,1.965,1.965,1.965,-2.00%
"Nov 18, 2011",2.005,2.005,2.005,2.005,2.04%
"Nov 17, 2011",1.965,1.965,1.965,1.965,-1.75%
"Nov 16, 2011",2,2,2,2,-2.39%
"Nov 15, 2011",2.049,2.049,2.049,2.049,0.20%
"Nov 14, 2011",2.045,2.045,2.045,2.045,-0.58%
"Nov 11, 2011",2.057,2.057,2.057,2.057,0.00%
"Nov 10, 2011",2.057,2.057,2.057,2.057,4.63%
"Nov 09, 2011",1.966,1.966,1.966,1.966,-5.44%
"Nov 08, 2011",2.079,2.079,2.079,2.079,2.92%
"Nov 07, 2011",2.02,2.02,2.02,2.02,-0.88%
"Nov 04, 2011",2.038,2.038,2.038,2.038,-1.69%
"Nov 03, 2011",2.073,2.073,2.073,2.073,4.22%
"Nov 02, 2011",1.989,1.989,1.989,1.989,-0.10%
"Nov 01, 2011",1.991,1.991,1.991,1.991,-5.91%
"Oct 31, 2011",2.116,2.116,2.116,2.116,-8.95%
"Oct 28, 2011",2.324,2.324,2.324,2.324,-2.56%
"Oct 27, 2011",2.385,2.385,2.385,2.385,8.07%
"Oct 26, 2011",2.207,2.207,2.207,2.207,4.40%
"Oct 25, 2011",2.114,2.114,2.114,2.114,-5.37%
"Oct 24, 2011",2.234,2.234,2.234,2.234,0.81%
"Oct 21, 2011",2.216,2.216,2.216,2.216,1.33%
"Oct 20, 2011",2.187,2.187,2.187,2.187,1.39%
"Oct 19, 2011",2.157,2.157,2.157,2.157,-0.83%
"Oct 18, 2011",2.175,2.175,2.175,2.175,0.93%
"Oct 17, 2011",2.155,2.155,2.155,2.155,-4.26%
"Oct 14, 2011",2.251,2.251,2.251,2.251,3.16%
"Oct 13, 2011",2.182,2.182,2.182,2.182,-1.36%
"Oct 12, 2011",2.212,2.212,2.212,2.212,2.45%
"Oct 11, 2011",2.159,2.159,2.159,2.159,4.32%
"Oct 10, 2011",2.07,2.07,2.07,2.07,-0.26%
"Oct 07, 2011",2.075,2.075,2.075,2.075,4.17%
"Oct 06, 2011",1.992,1.992,1.992,1.992,5.34%
"Oct 05, 2011",1.891,1.891,1.891,1.891,4.07%
"Oct 04, 2011",1.817,1.817,1.817,1.817,3.89%
"Oct 03, 2011",1.749,1.749,1.749,1.749,-8.76%
"Sep 30, 2011",1.917,1.917,1.917,1.917,-4.25%
"Sep 29, 2011",2.002,2.002,2.002,2.002,0.75%
"Sep 28, 2011",1.987,1.987,1.987,1.987,0.35%
"Sep 27, 2011",1.98,1.98,1.98,1.98,3.99%
"Sep 26, 2011",1.904,1.904,1.904,1.904,4.04%
"Sep 23, 2011",1.83,1.83,1.83,1.83,6.40%
"Sep 22, 2011",1.72,1.72,1.72,1.72,-7.33%
"Sep 21, 2011",1.856,1.856,1.856,1.856,-4.18%
"Sep 20, 2011",1.937,1.937,1.937,1.937,-0.97%
"Sep 19, 2011",1.956,1.956,1.956,1.956,-4.91%
"Sep 16, 2011",2.057,2.057,2.057,2.057,-1.25%
"Sep 15, 2011",2.083,2.083,2.083,2.083,4.57%
"Sep 14, 2011",1.992,1.992,1.992,1.992,0.00%
"Sep 13, 2011",1.992,1.992,1.992,1.992,2.26%
"Sep 12, 2011",1.948,1.948,1.948,1.948,1.72%
"Sep 09, 2011",1.915,1.915,1.915,1.915,-3.14%
"Sep 08, 2011",1.977,1.977,1.977,1.977,-3.14%
"Sep 07, 2011",2.041,2.041,2.041,2.041,2.98%
"Sep 06, 2011",1.982,1.982,1.982,1.982,-0.30%
"Sep 05, 2011",1.988,1.988,1.988,1.988,-0.30%
"Sep 02, 2011",1.994,1.994,1.994,1.994,-6.47%
"Sep 01, 2011",2.132,2.132,2.132,2.132,-4.57%
"Aug 31, 2011",2.234,2.234,2.234,2.234,2.67%
"Aug 30, 2011",2.176,2.176,2.176,2.176,-3.89%
"Aug 29, 2011",2.264,2.264,2.264,2.264,3.38%
"Aug 26, 2011",2.19,2.19,2.19,2.19,-1.97%
"Aug 25, 2011",2.234,2.234,2.234,2.234,-2.62%
"Aug 24, 2011",2.294,2.294,2.294,2.294,6.30%
"Aug 23, 2011",2.158,2.158,2.158,2.158,2.32%
"Aug 22, 2011",2.109,2.109,2.109,2.109,2.03%
"Aug 19, 2011",2.067,2.067,2.067,2.067,-0.05%
"Aug 18, 2011",2.068,2.068,2.068,2.068,-4.57%
"Aug 17, 2011",2.167,2.167,2.167,2.167,-2.61%
"Aug 16, 2011",2.225,2.225,2.225,2.225,-3.60%
"Aug 15, 2011",2.308,2.308,2.308,2.308,2.12%
"Aug 12, 2011",2.26,2.26,2.26,2.26,-3.13%
"Aug 11, 2011",2.333,2.333,2.333,2.333,11.36%
"Aug 10, 2011",2.095,2.095,2.095,2.095,-7.91%
"Aug 09, 2011",2.275,2.275,2.275,2.275,-1.77%
"Aug 08, 2011",2.316,2.316,2.316,2.316,-9.64%
"Aug 05, 2011",2.563,2.563,2.563,2.563,6.48%
"Aug 04, 2011",2.407,2.407,2.407,2.407,-7.95%
"Aug 03, 2011",2.615,2.615,2.615,2.615,0.08%
"Aug 02, 2011",2.613,2.613,2.613,2.613,-5.09%
"Aug 01, 2011",2.753,2.753,2.753,2.753,-1.40%
"Jul 29, 2011",2.792,2.792,2.792,2.792,-5.52%
"Jul 28, 2011",2.955,2.955,2.955,2.955,-0.91%
"Jul 27, 2011",2.982,2.982,2.982,2.982,0.91%
"Jul 26, 2011",2.955,2.955,2.955,2.955,-1.63%
"Jul 25, 2011",3.004,3.004,3.004,3.004,1.35%
"Jul 22, 2011",2.964,2.964,2.964,2.964,-1.66%
"Jul 21, 2011",3.014,3.014,3.014,3.014,2.83%
"Jul 20, 2011",2.931,2.931,2.931,2.931,1.84%
"Jul 19, 2011",2.878,2.878,2.878,2.878,-1.44%
"Jul 18, 2011",2.92,2.92,2.92,2.92,0.41%
"Jul 15, 2011",2.908,2.908,2.908,2.908,-1.52%
"Jul 14, 2011",2.953,2.953,2.953,2.953,2.39%
"Jul 13, 2011",2.884,2.884,2.884,2.884,0.24%
"Jul 12, 2011",2.877,2.877,2.877,2.877,-1.61%
"Jul 11, 2011",2.924,2.924,2.924,2.924,-3.50%
"Jul 08, 2011",3.03,3.03,3.03,3.03,-3.44%
"Jul 07, 2011",3.138,3.138,3.138,3.138,0.90%
"Jul 06, 2011",3.11,3.11,3.11,3.11,-0.29%
"Jul 05, 2011",3.119,3.119,3.119,3.119,-2.52%
"Jul 04, 2011",3.2,3.2,3.2,3.2,0.56%
"Jul 01, 2011",3.182,3.182,3.182,3.182,0.70%
"Jun 30, 2011",3.16,3.16,3.16,3.16,1.25%
"Jun 29, 2011",3.121,3.121,3.121,3.121,2.87%
"Jun 28, 2011",3.034,3.034,3.034,3.034,3.48%
"Jun 27, 2011",2.932,2.932,2.932,2.932,2.12%
"Jun 24, 2011",2.871,2.871,2.871,2.871,-1.48%
"Jun 23, 2011",2.914,2.914,2.914,2.914,-2.21%
"Jun 22, 2011",2.98,2.98,2.98,2.98,0.00%
"Jun 21, 2011",2.98,2.98,2.98,2.98,0.81%
"Jun 20, 2011",2.956,2.956,2.956,2.956,0.41%
"Jun 17, 2011",2.944,2.944,2.944,2.944,0.62%
"Jun 16, 2011",2.926,2.926,2.926,2.926,-1.38%
"Jun 15, 2011",2.967,2.967,2.967,2.967,-4.26%
"Jun 14, 2011",3.099,3.099,3.099,3.099,3.85%
"Jun 13, 2011",2.984,2.984,2.984,2.984,0.37%
"Jun 10, 2011",2.973,2.973,2.973,2.973,-0.80%
"Jun 09, 2011",2.997,2.997,2.997,2.997,1.73%
"Jun 08, 2011",2.946,2.946,2.946,2.946,-1.80%
"Jun 07, 2011",3,3,3,3,0.10%
"Jun 06, 2011",2.997,2.997,2.997,2.997,0.20%
"Jun 03, 2011",2.991,2.991,2.991,2.991,-1.32%
"Jun 02, 2011",3.031,3.031,3.031,3.031,2.96%
"Jun 01, 2011",2.944,2.944,2.944,2.944,-3.76%
"May 31, 2011",3.059,3.059,3.059,3.059,-0.08%
"May 30, 2011",3.062,3.062,3.062,3.062,-0.34%
"May 27, 2011",3.072,3.072,3.072,3.072,0.42%
"May 26, 2011",3.059,3.059,3.059,3.059,-2.33%
"May 25, 2011",3.132,3.132,3.132,3.132,0.51%
"May 24, 2011",3.116,3.116,3.116,3.116,-0.42%
"May 23, 2011",3.129,3.129,3.129,3.129,-0.57%
"May 20, 2011",3.147,3.147,3.147,3.147,-0.82%
"May 19, 2011",3.173,3.173,3.173,3.173,-0.35%
"May 18, 2011",3.184,3.184,3.184,3.184,2.25%
"May 17, 2011",3.114,3.114,3.114,3.114,-1.05%
"May 16, 2011",3.147,3.147,3.147,3.147,-0.69%
"May 13, 2011",3.169,3.169,3.169,3.169,-1.77%
"May 12, 2011",3.226,3.226,3.226,3.226,2.22%
"May 11, 2011",3.156,3.156,3.156,3.156,-1.77%
"May 10, 2011",3.213,3.213,3.213,3.213,1.77%
"May 09, 2011",3.157,3.157,3.157,3.157,0.22%
"May 06, 2011",3.15,3.15,3.15,3.15,-0.06%
"May 05, 2011",3.152,3.152,3.152,3.152,-2.14%
"May 04, 2011",3.221,3.221,3.221,3.221,-0.92%
"May 03, 2011",3.251,3.251,3.251,3.251,-0.91%
"May 02, 2011",3.281,3.281,3.281,3.281,-0.27%
"Apr 29, 2011",3.29,3.29,3.29,3.29,-0.78%
"Apr 28, 2011",3.316,3.316,3.316,3.316,-1.22%
"Apr 27, 2011",3.357,3.357,3.357,3.357,1.45%
"Apr 26, 2011",3.309,3.309,3.309,3.309,-1.69%
"Apr 25, 2011",3.366,3.366,3.366,3.366,-0.82%
"Apr 22, 2011",3.394,3.394,3.394,3.394,0.00%
"Apr 21, 2011",3.394,3.394,3.394,3.394,-0.41%
"Apr 20, 2011",3.408,3.408,3.408,3.408,1.28%
"Apr 19, 2011",3.365,3.365,3.365,3.365,-0.44%
"Apr 18, 2011",3.38,3.38,3.38,3.38,-0.97%
"Apr 15, 2011",3.413,3.413,3.413,3.413,-2.37%
"Apr 14, 2011",3.496,3.496,3.496,3.496,1.10%
"Apr 13, 2011",3.458,3.458,3.458,3.458,-0.97%
"Apr 12, 2011",3.492,3.492,3.492,3.492,-2.65%
"Apr 11, 2011",3.587,3.587,3.587,3.587,0.11%
"Apr 08, 2011",3.583,3.583,3.583,3.583,0.96%
"Apr 07, 2011",3.549,3.549,3.549,3.549,0.00%
"Apr 06, 2011",3.549,3.549,3.549,3.549,1.78%
"Apr 05, 2011",3.487,3.487,3.487,3.487,1.81%
"Apr 04, 2011",3.425,3.425,3.425,3.425,-0.72%
"Apr 01, 2011",3.45,3.45,3.45,3.45,-0.58%
"Mar 31, 2011",3.47,3.47,3.47,3.47,0.75%
"Mar 30, 2011",3.444,3.444,3.444,3.444,-1.35%
"Mar 29, 2011",3.491,3.491,3.491,3.491,1.45%
"Mar 28, 2011",3.441,3.441,3.441,3.441,-0.03%
"Mar 25, 2011",3.442,3.442,3.442,3.442,1.03%
"Mar 24, 2011",3.407,3.407,3.407,3.407,1.58%
"Mar 23, 2011",3.354,3.354,3.354,3.354,0.78%
"Mar 22, 2011",3.328,3.328,3.328,3.328,-0.12%
"Mar 21, 2011",3.332,3.332,3.332,3.332,1.96%
"Mar 18, 2011",3.268,3.268,3.268,3.268,0.34%
"Mar 17, 2011",3.257,3.257,3.257,3.257,2.04%
"Mar 16, 2011",3.192,3.192,3.192,3.192,-3.48%
"Mar 15, 2011",3.307,3.307,3.307,3.307,-1.72%
"Mar 14, 2011",3.365,3.365,3.365,3.365,-1.09%
"Mar 11, 2011",3.402,3.402,3.402,3.402,1.19%
"Mar 10, 2011",3.362,3.362,3.362,3.362,-3.08%
"Mar 09, 2011",3.469,3.469,3.469,3.469,-2.31%
"Mar 08, 2011",3.551,3.551,3.551,3.551,1.00%
"Mar 07, 2011",3.516,3.516,3.516,3.516,0.69%
"Mar 04, 2011",3.492,3.492,3.492,3.492,-1.88%
"Mar 03, 2011",3.559,3.559,3.559,3.559,2.54%
"Mar 02, 2011",3.471,3.471,3.471,3.471,2.00%
"Mar 01, 2011",3.403,3.403,3.403,3.403,-0.56%
"Feb 28, 2011",3.422,3.422,3.422,3.422,0.18%
"Feb 25, 2011",3.416,3.416,3.416,3.416,-0.99%
"Feb 24, 2011",3.45,3.45,3.45,3.45,-0.95%
"Feb 23, 2011",3.483,3.483,3.483,3.483,0.69%
"Feb 22, 2011",3.459,3.459,3.459,3.459,-3.26%
"Feb 21, 2011",3.576,3.576,3.576,3.576,-0.18%
"Feb 18, 2011",3.582,3.582,3.582,3.582,0.17%
"Feb 17, 2011",3.576,3.576,3.576,3.576,-1.30%
"Feb 16, 2011",3.623,3.623,3.623,3.623,0.53%
"Feb 15, 2011",3.604,3.604,3.604,3.604,-0.58%
"Feb 14, 2011",3.625,3.625,3.625,3.625,-0.36%
"Feb 11, 2011",3.638,3.638,3.638,3.638,-1.73%
"Feb 10, 2011",3.702,3.702,3.702,3.702,1.37%
"Feb 09, 2011",3.652,3.652,3.652,3.652,-2.27%
"Feb 08, 2011",3.737,3.737,3.737,3.737,2.66%
"Feb 07, 2011",3.64,3.64,3.64,3.64,0.05%
"Feb 04, 2011",3.638,3.638,3.638,3.638,2.57%
"Feb 03, 2011",3.547,3.547,3.547,3.547,1.95%
"Feb 02, 2011",3.479,3.479,3.479,3.479,1.28%
"Feb 01, 2011",3.435,3.435,3.435,3.435,1.81%
"Jan 31, 2011",3.374,3.374,3.374,3.374,1.35%
"Jan 28, 2011",3.329,3.329,3.329,3.329,-1.77%
"Jan 27, 2011",3.389,3.389,3.389,3.389,-0.94%
"Jan 26, 2011",3.421,3.421,3.421,3.421,2.73%
"Jan 25, 2011",3.33,3.33,3.33,3.33,-2.23%
"Jan 24, 2011",3.406,3.406,3.406,3.406,-0.06%
"Jan 21, 2011",3.408,3.408,3.408,3.408,-1.25%
"Jan 20, 2011",3.451,3.451,3.451,3.451,3.42%
"Jan 19, 2011",3.337,3.337,3.337,3.337,-0.98%
"Jan 18, 2011",3.37,3.37,3.37,3.37,1.65%
"Jan 17, 2011",3.315,3.315,3.315,3.315,-0.47%
"Jan 14, 2011",3.331,3.331,3.331,3.331,0.97%
"Jan 13, 2011",3.299,3.299,3.299,3.299,-2.02%
"Jan 12, 2011",3.367,3.367,3.367,3.367,0.81%
"Jan 11, 2011",3.34,3.34,3.34,3.34,1.61%
"Jan 10, 2011",3.287,3.287,3.287,3.287,-1.23%
"Jan 07, 2011",3.328,3.328,3.328,3.328,-2.09%
"Jan 06, 2011",3.399,3.399,3.399,3.399,-1.85%
"Jan 05, 2011",3.463,3.463,3.463,3.463,3.74%
"Jan 04, 2011",3.338,3.338,3.338,3.338,0.12%
"Jan 03, 2011",3.334,3.334,3.334,3.334,1.40%
"Dec 31, 2010",3.288,3.288,3.288,3.288,-2.35%
"Dec 30, 2010",3.367,3.367,3.367,3.367,0.36%
"Dec 29, 2010",3.355,3.355,3.355,3.355,-3.65%
"Dec 28, 2010",3.482,3.482,3.482,3.482,4.66%
"Dec 27, 2010",3.327,3.327,3.327,3.327,-2.53%
"Dec 24, 2010",3.414,3.414,3.414,3.414,0.49%
"Dec 23, 2010",3.397,3.397,3.397,3.397,1.46%
"Dec 22, 2010",3.348,3.348,3.348,3.348,1.36%
"Dec 21, 2010",3.303,3.303,3.303,3.303,-1.11%
"Dec 20, 2010",3.34,3.34,3.34,3.34,0.24%
"Dec 17, 2010",3.332,3.332,3.332,3.332,-2.97%
"Dec 16, 2010",3.434,3.434,3.434,3.434,-2.94%
"Dec 15, 2010",3.538,3.538,3.538,3.538,1.87%
"Dec 14, 2010",3.473,3.473,3.473,3.473,5.98%
"Dec 13, 2010",3.277,3.277,3.277,3.277,-1.38%
"Dec 10, 2010",3.323,3.323,3.323,3.323,3.42%
"Dec 09, 2010",3.213,3.213,3.213,3.213,-1.80%
"Dec 08, 2010",3.272,3.272,3.272,3.272,4.37%
"Dec 07, 2010",3.135,3.135,3.135,3.135,7.03%
"Dec 06, 2010",2.929,2.929,2.929,2.929,-2.59%
"Dec 03, 2010",3.007,3.007,3.007,3.007,0.37%
"Dec 02, 2010",2.996,2.996,2.996,2.996,1.01%
"Dec 01, 2010",2.966,2.966,2.966,2.966,6.04%
"Nov 30, 2010",2.797,2.797,2.797,2.797,-1.03%
"Nov 29, 2010",2.826,2.826,2.826,2.826,-1.53%
"Nov 26, 2010",2.87,2.87,2.87,2.87,-1.41%
"Nov 25, 2010",2.911,2.911,2.911,2.911,-0.03%
"Nov 24, 2010",2.912,2.912,2.912,2.912,4.67%
"Nov 23, 2010",2.782,2.782,2.782,2.782,-0.86%
"Nov 22, 2010",2.806,2.806,2.806,2.806,-2.33%
"Nov 19, 2010",2.873,2.873,2.873,2.873,-0.97%
"Nov 18, 2010",2.901,2.901,2.901,2.901,0.66%
"Nov 17, 2010",2.882,2.882,2.882,2.882,1.30%
"Nov 16, 2010",2.845,2.845,2.845,2.845,-4.11%
"Nov 15, 2010",2.967,2.967,2.967,2.967,6.38%
"Nov 12, 2010",2.789,2.789,2.789,2.789,5.01%
"Nov 11, 2010",2.656,2.656,2.656,2.656,0.64%
"Nov 10, 2010",2.639,2.639,2.639,2.639,-0.90%
"Nov 09, 2010",2.663,2.663,2.663,2.663,4.10%
"Nov 08, 2010",2.558,2.558,2.558,2.558,0.75%
"Nov 05, 2010",2.539,2.539,2.539,2.539,1.85%
"Nov 04, 2010",2.493,2.493,2.493,2.493,-3.33%
"Nov 03, 2010",2.579,2.579,2.579,2.579,-0.31%
"Nov 02, 2010",2.587,2.587,2.587,2.587,-1.45%
"Nov 01, 2010",2.625,2.625,2.625,2.625,0.85%
"Oct 29, 2010",2.603,2.603,2.603,2.603,-2.11%
"Oct 28, 2010",2.659,2.659,2.659,2.659,-2.31%
"Oct 27, 2010",2.722,2.722,2.722,2.722,2.91%
"Oct 26, 2010",2.645,2.645,2.645,2.645,3.12%
"Oct 25, 2010",2.565,2.565,2.565,2.565,0.16%
"Oct 22, 2010",2.561,2.561,2.561,2.561,0.75%
"Oct 21, 2010",2.542,2.542,2.542,2.542,2.46%
"Oct 20, 2010",2.481,2.481,2.481,2.481,0.00%
"Oct 19, 2010",2.481,2.481,2.481,2.481,-1.35%
"Oct 18, 2010",2.515,2.515,2.515,2.515,-2.03%
"Oct 15, 2010",2.567,2.567,2.567,2.567,2.31%
"Oct 14, 2010",2.509,2.509,2.509,2.509,3.29%
"Oct 13, 2010",2.429,2.429,2.429,2.429,-0.16%
"Oct 12, 2010",2.433,2.433,2.433,2.433,1.84%
"Oct 11, 2010",2.389,2.389,2.389,2.389,-0.29%
"Oct 08, 2010",2.396,2.396,2.396,2.396,0.46%
"Oct 07, 2010",2.385,2.385,2.385,2.385,-0.67%
"Oct 06, 2010",2.401,2.401,2.401,2.401,-2.95%
"Oct 05, 2010",2.474,2.474,2.474,2.474,-0.20%
"Oct 04, 2010",2.479,2.479,2.479,2.479,-1.35%
"Oct 01, 2010",2.513,2.513,2.513,2.513,0.04%
"Sep 30, 2010",2.512,2.512,2.512,2.512,0.28%
"Sep 29, 2010",2.505,2.505,2.505,2.505,1.54%
"Sep 28, 2010",2.467,2.467,2.467,2.467,-2.53%
"Sep 27, 2010",2.531,2.531,2.531,2.531,-3.03%
"Sep 24, 2010",2.61,2.61,2.61,2.61,2.23%
"Sep 23, 2010",2.553,2.553,2.553,2.553,-0.08%
"Sep 22, 2010",2.555,2.555,2.555,2.555,-0.82%
"Sep 21, 2010",2.576,2.576,2.576,2.576,-4.73%
"Sep 20, 2010",2.704,2.704,2.704,2.704,-1.28%
"Sep 17, 2010",2.739,2.739,2.739,2.739,-0.90%
"Sep 16, 2010",2.764,2.764,2.764,2.764,1.51%
"Sep 15, 2010",2.723,2.723,2.723,2.723,1.49%
"Sep 14, 2010",2.683,2.683,2.683,2.683,-2.29%
"Sep 13, 2010",2.746,2.746,2.746,2.746,-1.75%
"Sep 10, 2010",2.795,2.795,2.795,2.795,1.19%
"Sep 09, 2010",2.762,2.762,2.762,2.762,4.07%
"Sep 08, 2010",2.654,2.654,2.654,2.654,2.16%
"Sep 07, 2010",2.598,2.598,2.598,2.598,-4.27%
"Sep 06, 2010",2.714,2.714,2.714,2.714,0.44%
"Sep 03, 2010",2.702,2.702,2.702,2.702,2.93%
"Sep 02, 2010",2.625,2.625,2.625,2.625,1.74%
"Sep 01, 2010",2.58,2.58,2.58,2.58,4.45%
"Aug 31, 2010",2.47,2.47,2.47,2.47,-2.37%
"Aug 30, 2010",2.53,2.53,2.53,2.53,-4.42%
"Aug 27, 2010",2.647,2.647,2.647,2.647,6.69%
"Aug 26, 2010",2.481,2.481,2.481,2.481,-2.28%
"Aug 25, 2010",2.539,2.539,2.539,2.539,2.05%
"Aug 24, 2010",2.488,2.488,2.488,2.488,-4.38%
"Aug 23, 2010",2.602,2.602,2.602,2.602,-0.46%
"Aug 20, 2010",2.614,2.614,2.614,2.614,1.51%
"Aug 19, 2010",2.575,2.575,2.575,2.575,-2.39%
"Aug 18, 2010",2.638,2.638,2.638,2.638,-0.11%
"Aug 17, 2010",2.641,2.641,2.641,2.641,2.64%
"Aug 16, 2010",2.573,2.573,2.573,2.573,-3.96%
"Aug 13, 2010",2.679,2.679,2.679,2.679,-2.69%
"Aug 12, 2010",2.753,2.753,2.753,2.753,2.46%
"Aug 11, 2010",2.687,2.687,2.687,2.687,-2.93%
"Aug 10, 2010",2.768,2.768,2.768,2.768,-2.16%
"Aug 09, 2010",2.829,2.829,2.829,2.829,0.25%
"Aug 06, 2010",2.822,2.822,2.822,2.822,-2.89%
"Aug 05, 2010",2.906,2.906,2.906,2.906,-1.59%
"Aug 04, 2010",2.953,2.953,2.953,2.953,1.51%
"Aug 03, 2010",2.909,2.909,2.909,2.909,-1.82%
"Aug 02, 2010",2.963,2.963,2.963,2.963,2.00%
"Jul 30, 2010",2.905,2.905,2.905,2.905,-2.78%
"Jul 29, 2010",2.988,2.988,2.988,2.988,-0.07%
"Jul 28, 2010",2.99,2.99,2.99,2.99,-1.94%
"Jul 27, 2010",3.049,3.049,3.049,3.049,1.77%
"Jul 26, 2010",2.996,2.996,2.996,2.996,-0.13%
"Jul 23, 2010",3,3,3,3,2.32%
"Jul 22, 2010",2.932,2.932,2.932,2.932,1.73%
"Jul 21, 2010",2.882,2.882,2.882,2.882,-2.44%
"Jul 20, 2010",2.954,2.954,2.954,2.954,-0.24%
"Jul 19, 2010",2.961,2.961,2.961,2.961,1.23%
"Jul 16, 2010",2.925,2.925,2.925,2.925,-2.40%
"Jul 15, 2010",2.997,2.997,2.997,2.997,-1.74%
"Jul 14, 2010",3.05,3.05,3.05,3.05,-2.37%
"Jul 13, 2010",3.124,3.124,3.124,3.124,1.89%
"Jul 12, 2010",3.066,3.066,3.066,3.066,0.33%
"Jul 09, 2010",3.056,3.056,3.056,3.056,0.73%
"Jul 08, 2010",3.034,3.034,3.034,3.034,1.61%
"Jul 07, 2010",2.986,2.986,2.986,2.986,1.70%
"Jul 06, 2010",2.936,2.936,2.936,2.936,-1.48%
"Jul 05, 2010",2.98,2.98,2.98,2.98,-0.13%
"Jul 02, 2010",2.984,2.984,2.984,2.984,1.02%
"Jul 01, 2010",2.954,2.954,2.954,2.954,0.65%
"Jun 30, 2010",2.935,2.935,2.935,2.935,-0.61%
"Jun 29, 2010",2.953,2.953,2.953,2.953,-2.32%
"Jun 28, 2010",3.023,3.023,3.023,3.023,-2.80%
"Jun 25, 2010",3.11,3.11,3.11,3.11,-1.05%
"Jun 24, 2010",3.143,3.143,3.143,3.143,0.61%
"Jun 23, 2010",3.124,3.124,3.124,3.124,-1.30%
"Jun 22, 2010",3.165,3.165,3.165,3.165,-2.41%
"Jun 21, 2010",3.243,3.243,3.243,3.243,0.56%
"Jun 18, 2010",3.225,3.225,3.225,3.225,0.97%
"Jun 17, 2010",3.194,3.194,3.194,3.194,-2.14%
"Jun 16, 2010",3.264,3.264,3.264,3.264,-1.27%
"Jun 15, 2010",3.306,3.306,3.306,3.306,1.35%
"Jun 14, 2010",3.262,3.262,3.262,3.262,0.90%
"Jun 11, 2010",3.233,3.233,3.233,3.233,-2.77%
"Jun 10, 2010",3.325,3.325,3.325,3.325,4.63%
"Jun 09, 2010",3.178,3.178,3.178,3.178,-0.34%
"Jun 08, 2010",3.189,3.189,3.189,3.189,1.37%
"Jun 07, 2010",3.146,3.146,3.146,3.146,-1.93%
"Jun 04, 2010",3.208,3.208,3.208,3.208,-4.78%
"Jun 03, 2010",3.369,3.369,3.369,3.369,0.66%
"Jun 02, 2010",3.347,3.347,3.347,3.347,2.57%
"Jun 01, 2010",3.263,3.263,3.263,3.263,-1.12%
"May 31, 2010",3.3,3.3,3.3,3.3,-0.09%
"May 28, 2010",3.303,3.303,3.303,3.303,-1.61%
"May 27, 2010",3.357,3.357,3.357,3.357,5.17%
"May 26, 2010",3.192,3.192,3.192,3.192,1.01%
"May 25, 2010",3.16,3.16,3.16,3.16,-1.19%
"May 24, 2010",3.198,3.198,3.198,3.198,-1.17%
"May 21, 2010",3.236,3.236,3.236,3.236,0.62%
"May 20, 2010",3.216,3.216,3.216,3.216,-4.57%
"May 19, 2010",3.37,3.37,3.37,3.37,0.51%
"May 18, 2010",3.353,3.353,3.353,3.353,-3.95%
"May 17, 2010",3.491,3.491,3.491,3.491,1.04%
"May 14, 2010",3.455,3.455,3.455,3.455,-2.32%
"May 13, 2010",3.537,3.537,3.537,3.537,-0.95%
"May 12, 2010",3.571,3.571,3.571,3.571,1.25%
"May 11, 2010",3.527,3.527,3.527,3.527,-0.48%
"May 10, 2010",3.544,3.544,3.544,3.544,3.63%
"May 07, 2010",3.42,3.42,3.42,3.42,0.44%
"May 06, 2010",3.405,3.405,3.405,3.405,-3.98%
"May 05, 2010",3.546,3.546,3.546,3.546,-1.45%
"May 04, 2010",3.598,3.598,3.598,3.598,-2.55%
"May 03, 2010",3.692,3.692,3.692,3.692,0.90%
"Apr 30, 2010",3.659,3.659,3.659,3.659,-1.90%
"Apr 29, 2010",3.73,3.73,3.73,3.73,-0.98%
"Apr 28, 2010",3.767,3.767,3.767,3.767,2.00%
"Apr 27, 2010",3.693,3.693,3.693,3.693,-3.05%
"Apr 26, 2010",3.809,3.809,3.809,3.809,-0.21%
"Apr 23, 2010",3.817,3.817,3.817,3.817,1.25%
"Apr 22, 2010",3.77,3.77,3.77,3.77,0.86%
"Apr 21, 2010",3.738,3.738,3.738,3.738,-1.55%
"Apr 20, 2010",3.797,3.797,3.797,3.797,-0.16%
"Apr 19, 2010",3.803,3.803,3.803,3.803,0.88%
"Apr 16, 2010",3.77,3.77,3.77,3.77,-1.72%
"Apr 15, 2010",3.836,3.836,3.836,3.836,-0.75%
"Apr 14, 2010",3.865,3.865,3.865,3.865,1.18%
"Apr 13, 2010",3.82,3.82,3.82,3.82,-0.47%
"Apr 12, 2010",3.838,3.838,3.838,3.838,-1.11%
"Apr 09, 2010",3.881,3.881,3.881,3.881,-0.23%
"Apr 08, 2010",3.89,3.89,3.89,3.89,0.70%
"Apr 07, 2010",3.863,3.863,3.863,3.863,-2.35%
"Apr 06, 2010",3.956,3.956,3.956,3.956,-0.85%
"Apr 05, 2010",3.99,3.99,3.99,3.99,1.19%
"Apr 02, 2010",3.943,3.943,3.943,3.943,1.89%
"Apr 01, 2010",3.87,3.87,3.87,3.87,0.97%
"Mar 31, 2010",3.833,3.833,3.833,3.833,-0.65%
"Mar 30, 2010",3.858,3.858,3.858,3.858,-0.21%
"Mar 29, 2010",3.866,3.866,3.866,3.866,0.39%
"Mar 26, 2010",3.851,3.851,3.851,3.851,-0.77%
"Mar 25, 2010",3.881,3.881,3.881,3.881,0.70%
"Mar 24, 2010",3.854,3.854,3.854,3.854,4.53%
"Mar 23, 2010",3.687,3.687,3.687,3.687,0.71%
"Mar 22, 2010",3.661,3.661,3.661,3.661,-0.87%
"Mar 19, 2010",3.693,3.693,3.693,3.693,0.30%
"Mar 18, 2010",3.682,3.682,3.682,3.682,1.10%
"Mar 17, 2010",3.642,3.642,3.642,3.642,-0.30%
"Mar 16, 2010",3.653,3.653,3.653,3.653,-1.19%
"Mar 15, 2010",3.697,3.697,3.697,3.697,-0.16%
"Mar 12, 2010",3.703,3.703,3.703,3.703,-0.70%
"Mar 11, 2010",3.729,3.729,3.729,3.729,0.21%
"Mar 10, 2010",3.721,3.721,3.721,3.721,0.57%
"Mar 09, 2010",3.7,3.7,3.7,3.7,-0.56%
"Mar 08, 2010",3.721,3.721,3.721,3.721,1.06%
"Mar 05, 2010",3.682,3.682,3.682,3.682,2.11%
"Mar 04, 2010",3.606,3.606,3.606,3.606,-0.41%
"Mar 03, 2010",3.621,3.621,3.621,3.621,0.36%
"Mar 02, 2010",3.608,3.608,3.608,3.608,0.00%
"Mar 01, 2010",3.608,3.608,3.608,3.608,-0.30%
"Feb 26, 2010",3.619,3.619,3.619,3.619,-0.36%
"Feb 25, 2010",3.632,3.632,3.632,3.632,-1.71%
"Feb 24, 2010",3.695,3.695,3.695,3.695,0.16%
"Feb 23, 2010",3.689,3.689,3.689,3.689,-2.84%
"Feb 22, 2010",3.797,3.797,3.797,3.797,0.56%
"Feb 19, 2010",3.776,3.776,3.776,3.776,-0.81%
"Feb 18, 2010",3.807,3.807,3.807,3.807,1.93%
"Feb 17, 2010",3.735,3.735,3.735,3.735,1.97%
"Feb 16, 2010",3.663,3.663,3.663,3.663,-0.87%
"Feb 12, 2010",3.695,3.695,3.695,3.695,-0.70%
"Feb 11, 2010",3.721,3.721,3.721,3.721,0.84%
"Feb 10, 2010",3.69,3.69,3.69,3.69,1.18%
"Feb 09, 2010",3.647,3.647,3.647,3.647,2.39%
"Feb 08, 2010",3.562,3.562,3.562,3.562,-0.25%
"Feb 05, 2010",3.571,3.571,3.571,3.571,-1.08%
"Feb 04, 2010",3.61,3.61,3.61,3.61,-2.62%
"Feb 03, 2010",3.707,3.707,3.707,3.707,1.84%
"Feb 02, 2010",3.64,3.64,3.64,3.64,-0.44%
"Feb 01, 2010",3.656,3.656,3.656,3.656,1.90%
"Jan 29, 2010",3.588,3.588,3.588,3.588,-1.48%
"Jan 28, 2010",3.642,3.642,3.642,3.642,-0.22%
"Jan 27, 2010",3.65,3.65,3.65,3.65,0.80%
"Jan 26, 2010",3.621,3.621,3.621,3.621,-0.25%
"Jan 25, 2010",3.63,3.63,3.63,3.63,0.81%
"Jan 22, 2010",3.601,3.601,3.601,3.601,0.17%
"Jan 21, 2010",3.595,3.595,3.595,3.595,-1.59%
"Jan 20, 2010",3.653,3.653,3.653,3.653,-1.22%
"Jan 19, 2010",3.698,3.698,3.698,3.698,0.60%
"Jan 15, 2010",3.676,3.676,3.676,3.676,-1.76%
"Jan 14, 2010",3.742,3.742,3.742,3.742,-1.34%
"Jan 13, 2010",3.793,3.793,3.793,3.793,2.04%
"Jan 12, 2010",3.717,3.717,3.717,3.717,-2.80%
"Jan 11, 2010",3.824,3.824,3.824,3.824,-0.31%
"Jan 08, 2010",3.836,3.836,3.836,3.836,0.24%
"Jan 07, 2010",3.827,3.827,3.827,3.827,-0.05%
"Jan 06, 2010",3.829,3.829,3.829,3.829,1.75%
"Jan 05, 2010",3.763,3.763,3.763,3.763,-1.57%
"Jan 04, 2010",3.823,3.823,3.823,3.823,-0.36%
