,date,symbol,open,close,low,high,volume
354742,2013-01-02,TDG,138.800003,140.0,138.699997,141.100006,659100.0
355225,2013-01-03,TDG,140.059998,139.610001,139.08999599999999,141.279999,375900.0
355708,2013-01-04,TDG,139.550003,140.28999299999998,138.800003,140.300003,305000.0
356191,2013-01-07,TDG,139.850006,140.75,138.809998,140.759995,366700.0
356674,2013-01-08,TDG,140.360001,137.5,136.66000400000001,141.229996,792200.0
357157,2013-01-09,TDG,137.800003,139.58999599999999,137.639999,139.610001,949300.0
357640,2013-01-10,TDG,140.149994,136.08999599999999,134.96000700000002,140.149994,1125200.0
358123,2013-01-11,TDG,136.559998,137.529999,136.21000700000002,138.229996,717300.0
358606,2013-01-14,TDG,137.16000400000001,135.75,135.119995,137.889999,507000.0
359089,2013-01-15,TDG,134.830002,135.479996,134.679993,136.889999,768800.0
359572,2013-01-16,TDG,135.179993,134.809998,133.0,135.179993,222800.0
360055,2013-01-17,TDG,135.240005,136.690002,134.71000700000002,136.979996,296500.0
360538,2013-01-18,TDG,136.779999,136.220001,134.309998,136.779999,487200.0
361021,2013-01-22,TDG,136.080002,137.020004,135.5,137.130005,240600.0
361504,2013-01-23,TDG,136.979996,137.429993,136.190002,137.559998,163800.0
361987,2013-01-24,TDG,137.139999,138.21000700000002,137.020004,139.369995,261000.0
362470,2013-01-25,TDG,138.630005,138.41000400000001,137.779999,138.96000700000002,334200.0
362953,2013-01-28,TDG,139.190002,136.869995,135.96000700000002,139.190002,290200.0
363436,2013-01-29,TDG,136.440002,137.830002,136.03999299999998,138.699997,387100.0
363919,2013-01-30,TDG,137.199997,137.820007,137.139999,138.53999299999998,608500.0
364402,2013-01-31,TDG,137.740005,135.440002,135.399994,138.220001,390600.0
364885,2013-02-01,TDG,136.449997,136.419998,135.970001,137.509995,587200.0
365369,2013-02-04,TDG,135.990005,137.720001,134.46000700000002,143.940002,1404100.0
365853,2013-02-05,TDG,139.070007,139.440002,138.0,140.279999,504400.0
366337,2013-02-06,TDG,139.119995,139.740005,138.25,140.050003,587300.0
366821,2013-02-07,TDG,139.899994,143.610001,139.5,143.699997,789900.0
367305,2013-02-08,TDG,143.600006,143.050003,142.740005,144.850006,541200.0
367789,2013-02-11,TDG,143.25,145.179993,142.949997,146.449997,685100.0
368273,2013-02-12,TDG,145.550003,144.91000400000001,143.41000400000001,146.309998,282600.0
368757,2013-02-13,TDG,145.0,144.75,143.570007,145.699997,244300.0
369241,2013-02-14,TDG,144.279999,143.440002,142.669998,144.779999,242500.0
369725,2013-02-15,TDG,143.21000700000002,143.770004,142.880005,144.139999,264200.0
370209,2013-02-19,TDG,143.729996,143.050003,142.399994,144.229996,562700.0
370693,2013-02-20,TDG,143.259995,139.860001,139.71000700000002,143.720001,357000.0
371177,2013-02-21,TDG,139.470001,141.16000400000001,138.919998,141.21000700000002,374400.0
371661,2013-02-22,TDG,141.5,142.740005,141.5,143.0,243400.0
372145,2013-02-25,TDG,143.190002,138.830002,138.830002,143.229996,280500.0
372629,2013-02-26,TDG,139.529999,139.179993,138.470001,139.949997,207800.0
373113,2013-02-27,TDG,139.279999,142.600006,139.0,143.529999,358400.0
373597,2013-02-28,TDG,142.820007,142.33999599999999,141.940002,144.330002,454800.0
374081,2013-03-01,TDG,141.71000700000002,142.679993,140.53999299999998,143.610001,196900.0
374565,2013-03-04,TDG,142.08999599999999,141.75,141.009995,143.080002,295500.0
375049,2013-03-05,TDG,142.619995,142.83999599999999,142.429993,144.610001,195500.0
375533,2013-03-06,TDG,143.649994,143.509995,142.850006,144.139999,141800.0
376017,2013-03-07,TDG,143.96000700000002,143.720001,142.759995,144.369995,160700.0
376501,2013-03-08,TDG,144.360001,143.850006,143.360001,144.66000400000001,329600.0
376985,2013-03-11,TDG,146.449997,147.559998,145.309998,147.75,526200.0
377469,2013-03-12,TDG,147.669998,146.899994,146.179993,148.169998,272600.0
377953,2013-03-13,TDG,146.970001,150.58999599999999,146.610001,150.679993,325300.0
378437,2013-03-14,TDG,150.970001,150.91000400000001,149.509995,151.029999,245000.0
378921,2013-03-15,TDG,150.270004,151.020004,150.08999599999999,151.96000700000002,628400.0
379405,2013-03-18,TDG,149.479996,150.100006,149.429993,151.380005,264400.0
379889,2013-03-19,TDG,150.449997,150.440002,149.0,151.0,319300.0
380373,2013-03-20,TDG,150.96000700000002,151.71000700000002,149.949997,152.169998,216200.0
380857,2013-03-21,TDG,150.809998,149.71000700000002,149.0,151.360001,178300.0
381341,2013-03-22,TDG,150.199997,149.350006,148.83999599999999,150.470001,145100.0
381825,2013-03-25,TDG,149.779999,148.279999,147.869995,150.66000400000001,305600.0
382309,2013-03-26,TDG,149.16000400000001,150.270004,148.350006,150.580002,241600.0
382793,2013-03-27,TDG,149.46000700000002,150.96000700000002,148.630005,151.5,179200.0
383277,2013-03-28,TDG,151.190002,152.919998,150.149994,153.119995,213300.0
383761,2013-04-01,TDG,153.190002,151.08999599999999,150.669998,153.740005,269600.0
384245,2013-04-02,TDG,151.169998,150.389999,150.229996,152.169998,241700.0
384729,2013-04-03,TDG,150.809998,149.529999,148.83999599999999,151.470001,243300.0
385213,2013-04-04,TDG,149.679993,149.83999599999999,148.75,150.28999299999998,95000.0
385697,2013-04-05,TDG,148.169998,147.880005,146.199997,148.550003,293700.0
386181,2013-04-08,TDG,147.71000700000002,150.279999,147.630005,151.0,192400.0
386665,2013-04-09,TDG,150.399994,151.21000700000002,150.330002,151.759995,266100.0
387149,2013-04-10,TDG,151.639999,153.220001,150.360001,153.649994,285500.0
387633,2013-04-11,TDG,153.630005,153.009995,151.990005,155.169998,308100.0
388117,2013-04-12,TDG,152.360001,152.899994,151.059998,153.66000400000001,139700.0
388601,2013-04-15,TDG,152.899994,148.880005,148.5,153.440002,233600.0
389085,2013-04-16,TDG,150.389999,148.16000400000001,146.860001,150.5,365800.0
389569,2013-04-17,TDG,146.759995,145.490005,143.820007,147.429993,351900.0
390053,2013-04-18,TDG,145.630005,144.179993,142.929993,145.669998,146600.0
390537,2013-04-19,TDG,144.71000700000002,145.369995,144.050003,145.449997,128300.0
391021,2013-04-22,TDG,145.600006,146.16000400000001,143.320007,146.78999299999998,212300.0
391505,2013-04-23,TDG,147.139999,146.880005,145.009995,147.199997,139200.0
391989,2013-04-24,TDG,147.529999,148.08999599999999,147.21000700000002,148.5,178100.0
392473,2013-04-25,TDG,148.199997,147.350006,147.110001,148.41000400000001,141500.0
392957,2013-04-26,TDG,147.449997,145.309998,144.800003,147.610001,251200.0
393441,2013-04-29,TDG,145.600006,144.869995,144.050003,145.929993,320700.0
393925,2013-04-30,TDG,144.929993,146.800003,144.740005,147.08999599999999,446500.0
394409,2013-05-01,TDG,146.729996,147.0,146.050003,148.149994,325100.0
394893,2013-05-02,TDG,147.619995,149.020004,147.619995,149.990005,192400.0
395377,2013-05-03,TDG,150.889999,149.5,149.429993,150.990005,236700.0
395861,2013-05-06,TDG,149.53999299999998,150.300003,149.009995,151.0,265200.0
396345,2013-05-07,TDG,151.0,150.130005,146.25,151.0,453400.0
396829,2013-05-08,TDG,150.270004,148.5,147.83999599999999,150.66000400000001,283800.0
397313,2013-05-09,TDG,149.03999299999998,149.869995,147.990005,150.970001,253700.0
397797,2013-05-10,TDG,149.800003,148.83999599999999,148.649994,150.199997,142200.0
398281,2013-05-13,TDG,148.850006,148.110001,147.28999299999998,148.850006,265000.0
398765,2013-05-14,TDG,147.889999,150.080002,147.880005,150.21000700000002,251200.0
399249,2013-05-15,TDG,150.080002,154.690002,149.899994,155.970001,556900.0
399733,2013-05-16,TDG,154.949997,150.649994,150.169998,155.429993,443200.0
400217,2013-05-17,TDG,150.690002,149.830002,148.809998,152.279999,447700.0
400701,2013-05-20,TDG,149.470001,149.83999599999999,149.330002,150.990005,158400.0
401185,2013-05-21,TDG,149.820007,149.419998,148.96000700000002,150.199997,190800.0
401669,2013-05-22,TDG,149.28999299999998,150.009995,149.100006,152.16000400000001,399000.0
402153,2013-05-23,TDG,148.679993,147.850006,147.309998,148.679993,247400.0
402637,2013-05-24,TDG,147.619995,147.0,146.330002,148.169998,264100.0
403121,2013-05-28,TDG,148.029999,148.259995,146.889999,150.800003,501300.0
403605,2013-05-29,TDG,148.08999599999999,146.919998,145.940002,148.139999,214400.0
404089,2013-05-30,TDG,147.350006,146.100006,145.199997,148.96000700000002,650700.0
404573,2013-05-31,TDG,145.619995,146.100006,145.130005,147.16000400000001,262000.0
405057,2013-06-03,TDG,146.419998,148.880005,146.16000400000001,149.270004,381000.0
405541,2013-06-04,TDG,148.5,147.759995,147.550003,149.509995,312500.0
406025,2013-06-05,TDG,147.169998,147.449997,146.229996,148.320007,318400.0
406509,2013-06-06,TDG,147.679993,150.720001,146.71000700000002,150.729996,430800.0
406993,2013-06-07,TDG,151.070007,149.860001,149.369995,151.600006,406700.0
407477,2013-06-10,TDG,149.850006,149.990005,149.380005,150.880005,298400.0
407961,2013-06-11,TDG,148.699997,147.509995,147.350006,150.050003,420600.0
408445,2013-06-12,TDG,148.630005,145.229996,145.03999299999998,148.630005,366700.0
408930,2013-06-13,TDG,142.919998,145.679993,142.919998,146.580002,751700.0
409415,2013-06-14,TDG,145.53999299999998,148.779999,143.020004,149.699997,817700.0
409901,2013-06-17,TDG,149.929993,152.240005,149.479996,153.440002,361100.0
410387,2013-06-18,TDG,158.559998,156.850006,155.440002,161.5,1492800.0
410875,2013-06-19,TDG,157.100006,156.83999599999999,155.899994,158.300003,914800.0
411363,2013-06-20,TDG,154.479996,157.139999,153.729996,157.33999599999999,899800.0
411851,2013-06-21,TDG,155.190002,162.479996,155.190002,163.830002,1330500.0
412339,2013-06-24,TDG,161.020004,162.190002,158.880005,164.169998,936400.0
412827,2013-06-25,TDG,162.580002,156.809998,154.78999299999998,164.619995,1311500.0
413315,2013-06-26,TDG,157.809998,156.78999299999998,155.919998,158.309998,665400.0
413803,2013-06-27,TDG,158.350006,158.03999299999998,156.880005,159.679993,769100.0
414291,2013-06-28,TDG,157.389999,156.770004,156.600006,159.080002,609600.0
414779,2013-07-01,TDG,156.570007,154.96000700000002,154.350006,158.080002,988400.0
415267,2013-07-02,TDG,155.110001,151.669998,150.139999,156.58999599999999,702000.0
415755,2013-07-03,TDG,151.630005,153.699997,150.690002,153.96000700000002,342600.0
416243,2013-07-05,TDG,157.5,158.0,153.899994,158.259995,854700.0
416731,2013-07-08,TDG,158.279999,160.110001,158.25,160.679993,1207700.0
417219,2013-07-09,TDG,160.520004,159.800003,159.479996,164.399994,906900.0
417707,2013-07-10,TDG,160.080002,160.800003,159.059998,162.229996,1265700.0
418195,2013-07-11,TDG,139.639999,141.639999,139.639999,143.149994,660900.0
418683,2013-07-12,TDG,141.600006,142.360001,140.070007,142.940002,422200.0
419171,2013-07-15,TDG,143.0,140.990005,140.850006,143.139999,369200.0
419659,2013-07-16,TDG,140.940002,139.16000400000001,138.919998,140.940002,494500.0
420147,2013-07-17,TDG,139.28999299999998,139.149994,137.559998,140.53999299999998,711200.0
420635,2013-07-18,TDG,139.03999299999998,138.75,138.08999599999999,139.639999,418600.0
421123,2013-07-19,TDG,138.970001,138.419998,137.139999,139.119995,357200.0
421611,2013-07-22,TDG,138.03999299999998,140.020004,138.03999299999998,140.190002,273200.0
422099,2013-07-23,TDG,140.649994,140.949997,139.740005,141.369995,274100.0
422587,2013-07-24,TDG,141.350006,141.809998,141.100006,142.190002,327600.0
423075,2013-07-25,TDG,141.78999299999998,141.699997,140.5,142.020004,248200.0
423563,2013-07-26,TDG,141.429993,142.639999,141.020004,142.820007,259800.0
424051,2013-07-29,TDG,142.91000400000001,143.08999599999999,141.990005,143.880005,368800.0
424539,2013-07-30,TDG,143.729996,143.919998,143.190002,145.110001,302400.0
425027,2013-07-31,TDG,144.669998,144.58999599999999,143.919998,145.820007,318600.0
425515,2013-08-01,TDG,145.699997,148.919998,145.270004,149.830002,453200.0
426003,2013-08-02,TDG,149.009995,147.869995,147.21000700000002,150.050003,366900.0
426491,2013-08-05,TDG,147.259995,148.119995,145.820007,148.520004,617500.0
426979,2013-08-06,TDG,145.929993,145.199997,144.389999,149.130005,643800.0
427467,2013-08-07,TDG,144.71000700000002,143.029999,141.570007,144.71000700000002,488800.0
427955,2013-08-08,TDG,143.46000700000002,140.779999,139.919998,144.369995,632900.0
428443,2013-08-09,TDG,140.479996,140.679993,140.0,141.550003,260300.0
428931,2013-08-12,TDG,140.470001,140.369995,139.75,140.96000700000002,282400.0
429419,2013-08-13,TDG,140.330002,139.619995,139.399994,140.929993,163200.0
429908,2013-08-14,TDG,139.479996,138.949997,138.03999299999998,139.990005,181900.0
430397,2013-08-15,TDG,138.899994,137.899994,137.75,139.550003,317400.0
430886,2013-08-16,TDG,137.449997,137.059998,135.830002,138.199997,339300.0
431375,2013-08-19,TDG,137.0,138.199997,137.0,139.559998,288100.0
431864,2013-08-20,TDG,138.199997,138.509995,137.860001,139.279999,196200.0
432353,2013-08-21,TDG,137.630005,138.240005,137.399994,139.059998,235800.0
432842,2013-08-22,TDG,138.529999,139.179993,137.559998,139.78999299999998,86300.0
433331,2013-08-23,TDG,139.21000700000002,139.929993,139.08999599999999,140.399994,114800.0
433820,2013-08-26,TDG,139.990005,139.899994,139.25,140.91000400000001,202400.0
434309,2013-08-27,TDG,138.759995,137.669998,136.520004,139.899994,169300.0
434798,2013-08-28,TDG,137.869995,137.479996,136.779999,138.5,120000.0
435287,2013-08-29,TDG,136.78999299999998,137.899994,136.759995,139.669998,188600.0
435776,2013-08-30,TDG,138.139999,137.0,136.220001,138.139999,310500.0
436265,2013-09-03,TDG,137.830002,138.729996,137.830002,140.580002,312900.0
436754,2013-09-04,TDG,138.690002,137.929993,136.639999,138.690002,588800.0
437243,2013-09-05,TDG,137.830002,138.020004,137.720001,139.020004,268200.0
437732,2013-09-06,TDG,138.080002,138.050003,136.070007,139.070007,215000.0
438221,2013-09-09,TDG,138.639999,139.389999,137.929993,139.679993,195600.0
438710,2013-09-10,TDG,139.639999,140.869995,139.009995,141.0,222200.0
439199,2013-09-11,TDG,140.699997,142.029999,140.520004,142.029999,198000.0
439688,2013-09-12,TDG,142.020004,144.830002,141.929993,145.110001,337900.0
440177,2013-09-13,TDG,145.130005,143.070007,142.0,145.389999,285300.0
440666,2013-09-16,TDG,144.350006,145.25,143.270004,145.33999599999999,204700.0
441155,2013-09-17,TDG,145.25,145.0,144.630005,146.080002,200100.0
441644,2013-09-18,TDG,143.279999,142.75,141.279999,143.699997,698900.0
442133,2013-09-19,TDG,142.690002,142.389999,142.009995,143.300003,306000.0
442622,2013-09-20,TDG,141.970001,139.699997,139.429993,142.080002,335100.0
443111,2013-09-23,TDG,139.240005,134.940002,134.71000700000002,139.889999,668400.0
443600,2013-09-24,TDG,134.479996,136.520004,134.479996,137.580002,876900.0
444089,2013-09-25,TDG,137.199997,135.669998,135.360001,137.5,227100.0
444578,2013-09-26,TDG,135.880005,137.220001,135.679993,137.320007,952600.0
445067,2013-09-27,TDG,137.300003,138.669998,136.259995,138.919998,526900.0
445556,2013-09-30,TDG,138.509995,138.699997,136.899994,140.070007,669500.0
446045,2013-10-01,TDG,138.309998,141.279999,138.009995,141.28999299999998,492900.0
446534,2013-10-02,TDG,140.009995,142.220001,139.669998,142.33999599999999,762000.0
447023,2013-10-03,TDG,141.570007,141.050003,140.100006,142.429993,656100.0
447512,2013-10-04,TDG,140.940002,140.490005,140.020004,141.119995,716200.0
448001,2013-10-07,TDG,139.130005,139.759995,138.16000400000001,140.919998,248200.0
448490,2013-10-08,TDG,139.600006,139.679993,138.669998,140.369995,678800.0
448979,2013-10-09,TDG,139.690002,137.860001,136.860001,140.470001,725800.0
449468,2013-10-10,TDG,139.479996,140.690002,138.770004,141.020004,466500.0
449957,2013-10-11,TDG,140.83999599999999,140.570007,140.259995,142.199997,678000.0
450446,2013-10-14,TDG,139.630005,140.5,139.350006,141.029999,242400.0
450935,2013-10-15,TDG,140.41000400000001,139.740005,139.100006,141.050003,159400.0
451424,2013-10-16,TDG,140.880005,140.169998,139.600006,141.41000400000001,411000.0
451913,2013-10-17,TDG,139.899994,140.91000400000001,139.649994,141.229996,824100.0
452402,2013-10-18,TDG,141.419998,140.130005,139.350006,141.83999599999999,1312400.0
452891,2013-10-21,TDG,140.600006,139.53999299999998,139.009995,141.03999299999998,299000.0
453380,2013-10-22,TDG,139.580002,139.46000700000002,139.080002,140.479996,429900.0
453869,2013-10-23,TDG,139.580002,145.419998,139.320007,146.259995,886200.0
454358,2013-10-24,TDG,145.649994,146.46000700000002,144.779999,147.050003,609100.0
454847,2013-10-25,TDG,146.509995,146.220001,145.28999299999998,147.119995,249300.0
455336,2013-10-28,TDG,146.270004,145.199997,144.779999,146.679993,749200.0
455825,2013-10-29,TDG,145.259995,147.179993,144.940002,147.53999299999998,568200.0
456314,2013-10-30,TDG,147.600006,147.179993,145.869995,148.600006,203000.0
456803,2013-10-31,TDG,146.850006,145.41000400000001,145.21000700000002,147.21000700000002,371800.0
457292,2013-11-01,TDG,145.41000400000001,147.350006,145.41000400000001,147.570007,373700.0
457781,2013-11-04,TDG,147.970001,148.720001,147.28999299999998,149.080002,316800.0
458270,2013-11-05,TDG,148.449997,147.720001,146.559998,148.449997,286900.0
458759,2013-11-06,TDG,147.71000700000002,148.759995,147.399994,148.919998,257000.0
459248,2013-11-07,TDG,149.279999,146.119995,145.71000700000002,149.83999599999999,351700.0
459737,2013-11-08,TDG,145.83999599999999,147.270004,145.83999599999999,147.600006,332200.0
460226,2013-11-11,TDG,147.740005,147.229996,146.940002,148.649994,300800.0
460715,2013-11-12,TDG,147.139999,147.740005,146.300003,148.08999599999999,311900.0
461204,2013-11-13,TDG,147.389999,149.149994,146.619995,149.58999599999999,320400.0
461693,2013-11-14,TDG,149.580002,145.850006,143.53999299999998,149.580002,806900.0
462182,2013-11-15,TDG,146.75,148.449997,146.75,149.830002,642800.0
462672,2013-11-18,TDG,149.149994,147.110001,146.809998,149.979996,610900.0
463162,2013-11-19,TDG,147.28999299999998,145.100006,144.559998,147.350006,266200.0
463652,2013-11-20,TDG,145.440002,143.369995,143.190002,145.440002,299400.0
464142,2013-11-21,TDG,143.559998,145.050003,143.449997,145.83999599999999,214900.0
464632,2013-11-22,TDG,145.28999299999998,148.5,145.0,149.100006,635200.0
465122,2013-11-25,TDG,148.949997,151.53999299999998,148.229996,153.520004,650100.0
465612,2013-11-26,TDG,151.699997,156.059998,151.490005,156.990005,712800.0
466102,2013-11-27,TDG,155.940002,157.919998,155.570007,158.100006,1039400.0
466592,2013-11-29,TDG,158.639999,156.520004,156.520004,159.199997,184400.0
467082,2013-12-02,TDG,156.83999599999999,154.96000700000002,154.080002,157.770004,481300.0
467572,2013-12-03,TDG,155.029999,155.190002,154.880005,157.860001,364900.0
468062,2013-12-04,TDG,154.690002,154.169998,153.240005,156.28999299999998,595800.0
468552,2013-12-05,TDG,154.33999599999999,154.059998,153.479996,154.979996,255900.0
469042,2013-12-06,TDG,154.759995,156.080002,153.869995,156.199997,315400.0
469532,2013-12-09,TDG,155.630005,154.779999,154.389999,156.270004,351300.0
470022,2013-12-10,TDG,154.270004,155.509995,154.080002,156.110001,354700.0
470512,2013-12-11,TDG,155.53999299999998,156.25,155.169998,156.850006,388900.0
471002,2013-12-12,TDG,155.860001,156.630005,154.300003,157.320007,293500.0
471492,2013-12-13,TDG,157.08999599999999,156.28999299999998,154.199997,157.08999599999999,388700.0
471982,2013-12-16,TDG,156.600006,156.259995,155.509995,156.759995,317800.0
472472,2013-12-17,TDG,156.190002,154.770004,153.869995,158.139999,405400.0
472962,2013-12-18,TDG,155.0,154.570007,153.100006,155.669998,524800.0
473452,2013-12-19,TDG,154.179993,156.639999,154.179993,157.03999299999998,284500.0
473942,2013-12-20,TDG,156.58999599999999,160.110001,156.020004,160.279999,457200.0
474432,2013-12-23,TDG,160.58999599999999,159.559998,159.300003,161.149994,499800.0
474922,2013-12-24,TDG,159.490005,159.970001,159.110001,160.139999,88600.0
475412,2013-12-26,TDG,160.179993,160.929993,160.050003,161.300003,132900.0
475902,2013-12-27,TDG,162.889999,160.119995,159.130005,162.949997,120000.0
476392,2013-12-30,TDG,160.119995,159.630005,159.050003,160.830002,107000.0
476882,2013-12-31,TDG,159.550003,161.020004,159.449997,161.199997,125400.0
477372,2014-01-02,TDG,160.600006,159.570007,158.869995,160.600006,519900.0
477862,2014-01-03,TDG,159.649994,160.91000400000001,159.399994,162.070007,192900.0
478352,2014-01-06,TDG,160.630005,160.240005,159.990005,161.889999,186900.0
478842,2014-01-07,TDG,160.300003,161.029999,160.020004,161.949997,174400.0
479332,2014-01-08,TDG,161.03999299999998,162.779999,160.139999,162.820007,264200.0
479822,2014-01-09,TDG,163.66000400000001,164.78999299999998,162.66000400000001,165.110001,377000.0
480312,2014-01-10,TDG,163.119995,164.570007,161.600006,164.619995,375900.0
480802,2014-01-13,TDG,165.470001,167.419998,163.929993,170.240005,766400.0
481292,2014-01-14,TDG,167.16000400000001,169.71000700000002,166.649994,169.759995,325000.0
481782,2014-01-15,TDG,169.5,172.25,169.080002,173.179993,565700.0
482272,2014-01-16,TDG,172.25,172.53999299999998,171.309998,172.630005,315900.0
482762,2014-01-17,TDG,173.020004,173.21000700000002,171.809998,174.16000400000001,449100.0
483252,2014-01-21,TDG,174.21000700000002,173.809998,173.020004,174.940002,179600.0
483742,2014-01-22,TDG,174.580002,176.110001,173.5,176.259995,397800.0
484232,2014-01-23,TDG,175.050003,173.759995,173.199997,175.050003,489800.0
484722,2014-01-24,TDG,172.529999,169.100006,169.080002,174.119995,352600.0
485212,2014-01-27,TDG,169.869995,166.970001,166.770004,170.889999,538000.0
485702,2014-01-28,TDG,167.800003,170.229996,166.33999599999999,170.820007,529000.0
486192,2014-01-29,TDG,168.830002,168.139999,167.279999,169.520004,243100.0
486682,2014-01-30,TDG,170.169998,167.929993,166.979996,170.360001,235000.0
487172,2014-01-31,TDG,166.33999599999999,167.029999,166.100006,168.990005,405800.0
487662,2014-02-03,TDG,167.550003,165.0,164.820007,170.630005,498800.0
488152,2014-02-04,TDG,173.419998,171.919998,166.300003,175.759995,1659800.0
488642,2014-02-05,TDG,172.800003,173.449997,170.139999,173.990005,968400.0
489132,2014-02-06,TDG,173.490005,172.220001,171.759995,176.080002,798500.0
489622,2014-02-07,TDG,173.169998,172.380005,170.800003,175.860001,512500.0
490112,2014-02-10,TDG,172.759995,173.889999,172.190002,174.320007,435700.0
490602,2014-02-11,TDG,173.779999,173.28999299999998,171.080002,174.300003,347100.0
491092,2014-02-12,TDG,173.699997,175.059998,173.21000700000002,175.179993,382100.0
491582,2014-02-13,TDG,173.779999,174.570007,173.020004,175.559998,278800.0
492072,2014-02-14,TDG,174.449997,175.770004,172.570007,175.970001,212400.0
492562,2014-02-18,TDG,176.100006,175.899994,175.080002,177.58999599999999,353800.0
493052,2014-02-19,TDG,175.809998,176.580002,174.990005,178.380005,267000.0
493542,2014-02-20,TDG,176.690002,177.820007,175.429993,178.119995,184400.0
494032,2014-02-21,TDG,178.020004,178.490005,177.199997,179.25,151600.0
494522,2014-02-24,TDG,178.860001,178.220001,178.21000700000002,180.830002,204400.0
495012,2014-02-25,TDG,178.33999599999999,176.369995,176.070007,179.91000400000001,194500.0
495502,2014-02-26,TDG,176.479996,176.570007,176.050003,177.809998,167700.0
495992,2014-02-27,TDG,176.5,177.270004,175.429993,177.949997,117200.0
496482,2014-02-28,TDG,177.429993,178.139999,176.619995,178.979996,206500.0
496972,2014-03-03,TDG,177.690002,178.979996,176.600006,179.149994,177700.0
497462,2014-03-04,TDG,180.0,182.580002,179.580002,182.809998,262900.0
497952,2014-03-05,TDG,182.550003,181.149994,180.970001,184.21000700000002,147800.0
498442,2014-03-06,TDG,181.729996,182.559998,181.050003,183.21000700000002,198200.0
498932,2014-03-07,TDG,182.559998,180.630005,179.520004,184.199997,500800.0
499422,2014-03-10,TDG,179.580002,179.850006,178.610001,180.270004,595800.0
499912,2014-03-11,TDG,179.770004,179.639999,179.360001,181.419998,459300.0
500402,2014-03-12,TDG,180.100006,180.440002,178.03999299999998,180.669998,408200.0
500892,2014-03-13,TDG,180.380005,181.110001,179.75,181.5,416700.0
501382,2014-03-14,TDG,180.529999,179.529999,179.059998,182.46000700000002,848700.0
501872,2014-03-17,TDG,179.940002,181.5,178.869995,181.970001,222300.0
502362,2014-03-18,TDG,181.5,182.350006,181.020004,182.979996,199300.0
502852,2014-03-19,TDG,182.690002,181.300003,180.330002,183.330002,238700.0
503342,2014-03-20,TDG,180.679993,181.600006,179.190002,181.740005,174800.0
503832,2014-03-21,TDG,182.690002,183.080002,181.399994,183.559998,653800.0
504322,2014-03-24,TDG,184.220001,183.0,180.630005,184.78999299999998,805600.0
504812,2014-03-25,TDG,183.369995,185.21000700000002,182.259995,186.199997,798100.0
505302,2014-03-26,TDG,185.21000700000002,184.5,183.990005,187.639999,1158100.0
505792,2014-03-27,TDG,185.009995,184.190002,182.020004,187.5,1797600.0
506282,2014-03-28,TDG,185.059998,183.860001,183.220001,186.5,734400.0
506772,2014-03-31,TDG,184.080002,185.199997,183.16000400000001,186.300003,1115200.0
507262,2014-04-01,TDG,185.949997,186.669998,184.330002,187.059998,580400.0
507752,2014-04-02,TDG,186.889999,185.619995,185.16000400000001,187.58999599999999,228100.0
508242,2014-04-03,TDG,186.020004,184.929993,184.720001,186.020004,370900.0
508732,2014-04-04,TDG,185.639999,180.690002,180.330002,186.279999,359000.0
509222,2014-04-07,TDG,181.0,178.059998,176.679993,181.580002,375900.0
509712,2014-04-08,TDG,177.690002,176.190002,174.649994,178.100006,355000.0
510202,2014-04-09,TDG,176.199997,178.96000700000002,174.800003,179.100006,333500.0
510692,2014-04-10,TDG,179.070007,175.080002,174.949997,179.979996,240700.0
511182,2014-04-11,TDG,174.559998,173.330002,173.169998,175.440002,172900.0
511672,2014-04-14,TDG,172.740005,173.580002,172.110001,174.679993,368200.0
512162,2014-04-15,TDG,174.21000700000002,176.309998,172.770004,176.429993,314900.0
512652,2014-04-16,TDG,176.619995,178.020004,176.029999,178.990005,267200.0
513142,2014-04-17,TDG,178.009995,181.0,177.619995,181.369995,262800.0
513632,2014-04-21,TDG,181.41000400000001,181.309998,179.91000400000001,181.619995,213700.0
514122,2014-04-22,TDG,181.850006,181.419998,180.440002,182.800003,215700.0
514612,2014-04-23,TDG,181.779999,180.949997,180.71000700000002,182.949997,185900.0
515102,2014-04-24,TDG,181.320007,179.669998,178.399994,182.16000400000001,170800.0
515592,2014-04-25,TDG,179.320007,175.330002,175.21000700000002,179.53999299999998,254800.0
516082,2014-04-28,TDG,176.220001,174.46000700000002,172.929993,177.369995,620600.0
516572,2014-04-29,TDG,175.279999,174.729996,174.149994,176.110001,384900.0
517062,2014-04-30,TDG,174.809998,177.869995,173.949997,178.179993,216800.0
517552,2014-05-01,TDG,177.600006,178.78999299999998,176.850006,180.059998,242400.0
518042,2014-05-02,TDG,178.570007,179.509995,178.220001,181.350006,295900.0
518532,2014-05-05,TDG,179.520004,183.220001,178.330002,184.0,417200.0
519022,2014-05-06,TDG,180.009995,178.639999,175.050003,182.529999,830500.0
519512,2014-05-07,TDG,179.330002,178.96000700000002,177.470001,179.399994,479800.0
520002,2014-05-08,TDG,179.309998,181.28999299999998,177.809998,182.479996,268600.0
520492,2014-05-09,TDG,180.990005,180.0,179.199997,182.050003,194700.0
520982,2014-05-12,TDG,180.300003,179.419998,179.179993,180.779999,450900.0
521472,2014-05-13,TDG,180.740005,183.729996,180.0,186.479996,1017400.0
521962,2014-05-14,TDG,183.740005,185.0,181.889999,185.050003,614800.0
522452,2014-05-15,TDG,184.949997,183.600006,182.699997,184.949997,813400.0
522942,2014-05-16,TDG,182.850006,183.649994,181.479996,183.850006,617500.0
523432,2014-05-19,TDG,183.740005,186.639999,183.309998,186.71000700000002,837400.0
523922,2014-05-20,TDG,186.389999,182.559998,182.399994,187.970001,496500.0
524412,2014-05-21,TDG,182.619995,185.080002,182.570007,185.259995,306700.0
524902,2014-05-22,TDG,185.119995,187.529999,183.96000700000002,188.229996,394500.0
525392,2014-05-23,TDG,187.389999,186.33999599999999,185.759995,187.580002,509600.0
525882,2014-05-27,TDG,186.779999,187.33999599999999,185.429993,187.41000400000001,263700.0
526372,2014-05-28,TDG,187.809998,188.029999,186.16000400000001,188.580002,700000.0
526862,2014-05-29,TDG,188.029999,188.279999,186.169998,188.529999,295400.0
527352,2014-05-30,TDG,188.009995,188.71000700000002,187.070007,188.830002,266000.0
527842,2014-06-02,TDG,189.080002,189.899994,188.33999599999999,189.979996,154600.0
528332,2014-06-03,TDG,189.979996,191.03999299999998,188.979996,191.429993,326000.0
528822,2014-06-04,TDG,190.449997,191.16000400000001,190.03999299999998,191.699997,414100.0
529312,2014-06-05,TDG,193.580002,190.970001,188.229996,193.619995,1177600.0
529802,2014-06-06,TDG,191.53999299999998,195.580002,191.0,196.929993,1115800.0
530292,2014-06-09,TDG,195.520004,197.0,195.520004,198.28999299999998,1136300.0
530782,2014-06-10,TDG,196.300003,195.419998,193.110001,196.869995,858400.0
531272,2014-06-11,TDG,194.080002,195.240005,194.080002,196.389999,563600.0
531762,2014-06-12,TDG,169.610001,167.699997,162.199997,170.0,895000.0
532252,2014-06-13,TDG,168.169998,168.800003,167.899994,169.130005,429600.0
532742,2014-06-16,TDG,168.869995,170.020004,168.679993,170.300003,560900.0
533232,2014-06-17,TDG,168.929993,169.190002,168.740005,170.470001,253900.0
533722,2014-06-18,TDG,169.699997,171.270004,168.779999,171.649994,559000.0
534212,2014-06-19,TDG,171.440002,170.580002,169.490005,171.46000700000002,201100.0
534702,2014-06-20,TDG,171.009995,172.419998,169.820007,172.419998,806600.0
535192,2014-06-23,TDG,171.919998,170.240005,169.5,172.029999,318300.0
535682,2014-06-24,TDG,170.240005,167.809998,167.78999299999998,170.520004,442900.0
536172,2014-06-25,TDG,167.5,167.720001,167.0,168.149994,396300.0
536662,2014-06-26,TDG,167.78999299999998,167.75,166.869995,168.740005,360400.0
537152,2014-06-27,TDG,167.509995,167.369995,166.300003,168.050003,440800.0
537642,2014-06-30,TDG,167.369995,167.259995,166.070007,167.800003,448100.0
538132,2014-07-01,TDG,167.199997,168.369995,166.08999599999999,168.779999,401000.0
538622,2014-07-02,TDG,167.96000700000002,168.419998,166.240005,168.96000700000002,325900.0
539112,2014-07-03,TDG,168.479996,168.199997,166.830002,169.100006,306000.0
539602,2014-07-07,TDG,168.110001,167.529999,167.0,168.75,514500.0
540092,2014-07-08,TDG,167.770004,165.330002,165.050003,168.440002,911400.0
540582,2014-07-09,TDG,165.759995,166.03999299999998,165.009995,166.259995,335500.0
541072,2014-07-10,TDG,165.0,165.610001,164.740005,166.440002,280700.0
541562,2014-07-11,TDG,166.070007,167.580002,165.429993,167.729996,309900.0
542052,2014-07-14,TDG,168.550003,169.729996,168.009995,169.919998,527800.0
542542,2014-07-15,TDG,170.0,169.070007,168.5,170.929993,227700.0
543032,2014-07-16,TDG,169.490005,168.669998,168.309998,170.490005,260600.0
543522,2014-07-17,TDG,168.190002,166.809998,166.66000400000001,169.610001,232000.0
544012,2014-07-18,TDG,167.130005,169.529999,167.130005,169.75,234600.0
544502,2014-07-21,TDG,169.169998,171.899994,168.720001,172.259995,264700.0
544992,2014-07-22,TDG,172.779999,173.990005,172.21000700000002,175.059998,447400.0
545482,2014-07-23,TDG,173.58999599999999,171.800003,171.699997,174.41000400000001,269600.0
545972,2014-07-24,TDG,171.740005,170.71000700000002,170.25,173.009995,409500.0
546462,2014-07-25,TDG,170.559998,170.199997,169.809998,171.309998,503500.0
546952,2014-07-28,TDG,170.600006,171.149994,169.679993,171.300003,536800.0
547442,2014-07-29,TDG,171.070007,170.0,169.669998,172.28999299999998,347300.0
547932,2014-07-30,TDG,171.03999299999998,170.850006,169.380005,171.229996,296800.0
548422,2014-07-31,TDG,170.0,167.919998,167.520004,170.110001,278800.0
548912,2014-08-01,TDG,167.649994,169.649994,167.649994,170.21000700000002,376100.0
549402,2014-08-04,TDG,170.149994,169.929993,168.529999,170.25,283000.0
549892,2014-08-05,TDG,169.100006,175.110001,168.610001,175.470001,1307800.0
550382,2014-08-06,TDG,174.009995,172.5,171.399994,174.449997,826700.0
550872,2014-08-07,TDG,173.0,174.020004,172.820007,174.729996,364000.0
551362,2014-08-08,TDG,174.389999,173.46000700000002,172.96000700000002,174.860001,481900.0
551852,2014-08-11,TDG,174.75,174.350006,173.53999299999998,176.0,318900.0
552342,2014-08-12,TDG,174.610001,173.71000700000002,173.419998,175.029999,347200.0
552832,2014-08-13,TDG,174.080002,176.740005,174.080002,176.91000400000001,364300.0
553322,2014-08-14,TDG,176.929993,177.320007,175.809998,177.880005,231200.0
553812,2014-08-15,TDG,177.820007,178.479996,177.0,179.309998,241900.0
554302,2014-08-18,TDG,179.690002,180.169998,179.199997,180.419998,234900.0
554792,2014-08-19,TDG,181.0,180.399994,180.050003,181.669998,190100.0
555282,2014-08-20,TDG,180.5,183.550003,180.5,184.240005,325900.0
555772,2014-08-21,TDG,184.220001,184.919998,183.96000700000002,185.75,548400.0
556262,2014-08-22,TDG,185.029999,184.940002,184.110001,186.179993,280700.0
556752,2014-08-25,TDG,185.809998,188.580002,185.16000400000001,189.369995,592100.0
557242,2014-08-26,TDG,188.389999,187.91000400000001,187.490005,189.130005,325600.0
557732,2014-08-27,TDG,188.380005,188.179993,187.529999,188.5,292700.0
558222,2014-08-28,TDG,186.690002,187.970001,186.119995,188.440002,202000.0
558712,2014-08-29,TDG,189.979996,187.990005,187.66000400000001,189.979996,297600.0
559202,2014-09-02,TDG,188.0,188.149994,187.119995,188.649994,507700.0
559692,2014-09-03,TDG,188.399994,188.669998,187.970001,189.330002,307100.0
560182,2014-09-04,TDG,189.380005,187.830002,187.380005,189.66000400000001,228400.0
560672,2014-09-05,TDG,188.979996,188.570007,186.889999,189.949997,326700.0
561162,2014-09-08,TDG,188.83999599999999,187.809998,187.440002,189.21000700000002,332700.0
561652,2014-09-09,TDG,187.96000700000002,187.83999599999999,187.389999,188.83999599999999,272700.0
562142,2014-09-10,TDG,187.240005,188.169998,187.149994,189.16000400000001,269700.0
562632,2014-09-11,TDG,187.75,188.509995,186.520004,188.899994,188900.0
563122,2014-09-12,TDG,188.899994,189.419998,188.619995,190.149994,434500.0
563612,2014-09-15,TDG,188.229996,189.990005,187.869995,190.33999599999999,305900.0
564102,2014-09-16,TDG,189.990005,190.169998,188.699997,190.240005,193100.0
564592,2014-09-17,TDG,190.169998,189.699997,189.0,191.0,154900.0
565082,2014-09-18,TDG,189.889999,189.990005,189.369995,191.149994,210800.0
565572,2014-09-19,TDG,190.759995,188.199997,188.190002,192.25,481300.0
566062,2014-09-22,TDG,188.21000700000002,187.059998,186.470001,189.130005,219300.0
566552,2014-09-23,TDG,187.479996,185.0,184.919998,187.820007,274500.0
567042,2014-09-24,TDG,184.559998,184.5,183.96000700000002,185.83999599999999,297200.0
567532,2014-09-25,TDG,184.5,182.619995,181.71000700000002,184.5,344500.0
568022,2014-09-26,TDG,182.78999299999998,185.009995,182.58999599999999,186.029999,240500.0
568512,2014-09-29,TDG,183.149994,184.889999,182.179993,184.91000400000001,317700.0
569002,2014-09-30,TDG,185.449997,184.330002,184.03999299999998,185.690002,412600.0
569492,2014-10-01,TDG,183.990005,182.380005,181.610001,184.5,413200.0
569982,2014-10-02,TDG,182.53999299999998,181.419998,180.679993,183.020004,316800.0
570472,2014-10-03,TDG,182.779999,185.240005,182.770004,186.25,296100.0
570962,2014-10-06,TDG,186.149994,183.809998,183.25,186.380005,189800.0
571452,2014-10-07,TDG,182.729996,181.479996,181.08999599999999,183.08999599999999,297500.0
571942,2014-10-08,TDG,181.490005,183.929993,181.009995,184.169998,247800.0
572432,2014-10-09,TDG,180.320007,179.479996,178.179993,181.699997,658300.0
572922,2014-10-10,TDG,179.0,176.5,176.28999299999998,179.860001,465600.0
573412,2014-10-13,TDG,176.860001,173.699997,172.880005,177.509995,510300.0
573902,2014-10-14,TDG,174.470001,172.630005,172.240005,177.259995,658700.0
574392,2014-10-15,TDG,171.380005,171.820007,166.610001,172.649994,755900.0
574882,2014-10-16,TDG,169.78999299999998,172.929993,169.380005,175.380005,397600.0
575372,2014-10-17,TDG,174.25,174.850006,173.639999,176.479996,276900.0
575862,2014-10-20,TDG,173.91000400000001,174.96000700000002,173.139999,175.929993,247800.0
576352,2014-10-21,TDG,176.119995,178.46000700000002,175.809998,178.58999599999999,293800.0
576842,2014-10-22,TDG,178.389999,177.229996,177.0,179.649994,205400.0
577332,2014-10-23,TDG,178.929993,181.229996,178.880005,182.669998,285600.0
577822,2014-10-24,TDG,181.779999,182.83999599999999,181.020004,183.08999599999999,186200.0
578312,2014-10-27,TDG,183.0,182.649994,181.059998,183.600006,532900.0
578802,2014-10-28,TDG,183.380005,184.580002,182.360001,184.610001,363800.0
579292,2014-10-29,TDG,185.0,184.320007,182.929993,185.0,302400.0
579782,2014-10-30,TDG,183.580002,185.490005,183.580002,185.869995,354300.0
580272,2014-10-31,TDG,188.5,187.029999,185.21000700000002,188.5,411400.0
580762,2014-11-03,TDG,187.119995,185.800003,184.970001,187.16000400000001,327300.0
581252,2014-11-04,TDG,185.729996,185.949997,184.600006,186.490005,234400.0
581742,2014-11-05,TDG,186.600006,187.0,185.080002,188.369995,558100.0
582232,2014-11-06,TDG,186.949997,187.759995,186.0,188.580002,263800.0
582722,2014-11-07,TDG,188.139999,187.330002,187.009995,188.220001,346100.0
583212,2014-11-10,TDG,187.389999,188.130005,185.479996,188.630005,294400.0
583702,2014-11-11,TDG,188.380005,186.929993,186.529999,188.78999299999998,208200.0
584192,2014-11-12,TDG,185.990005,186.33999599999999,185.389999,187.600006,400800.0
584682,2014-11-13,TDG,189.0,191.78999299999998,185.990005,195.520004,767500.0
585172,2014-11-14,TDG,191.889999,192.449997,190.320007,192.75,430000.0
585662,2014-11-17,TDG,192.429993,192.330002,191.559998,195.229996,402900.0
586152,2014-11-18,TDG,192.770004,192.28999299999998,191.759995,194.58999599999999,518200.0
586642,2014-11-19,TDG,192.25,191.96000700000002,191.429993,193.240005,523500.0
587132,2014-11-20,TDG,191.369995,192.130005,191.369995,192.830002,473300.0
587622,2014-11-21,TDG,192.830002,192.770004,191.820007,193.220001,374600.0
588112,2014-11-24,TDG,194.029999,194.83999599999999,193.919998,195.300003,275900.0
588602,2014-11-25,TDG,195.220001,193.559998,193.429993,195.809998,379200.0
589092,2014-11-26,TDG,194.009995,193.820007,193.279999,195.070007,268500.0
589582,2014-11-28,TDG,194.580002,197.78999299999998,194.33999599999999,199.679993,404100.0
590072,2014-12-01,TDG,196.669998,196.520004,195.259995,198.21000700000002,385000.0
590562,2014-12-02,TDG,196.16000400000001,194.58999599999999,193.369995,197.190002,286500.0
591052,2014-12-03,TDG,195.149994,195.350006,194.020004,196.020004,249500.0
591542,2014-12-04,TDG,195.449997,196.119995,194.0,196.669998,344300.0
592032,2014-12-05,TDG,196.850006,195.979996,194.91000400000001,197.690002,231400.0
592522,2014-12-08,TDG,195.979996,193.679993,193.08999599999999,196.199997,171600.0
593012,2014-12-09,TDG,191.21000700000002,195.009995,190.5,195.08999599999999,225600.0
593502,2014-12-10,TDG,193.220001,192.630005,191.809998,194.75,539300.0
593992,2014-12-11,TDG,193.759995,193.139999,192.630005,195.229996,252800.0
594482,2014-12-12,TDG,191.380005,192.059998,190.940002,194.360001,343500.0
594972,2014-12-15,TDG,192.520004,192.929993,190.509995,193.5,374200.0
595462,2014-12-16,TDG,193.08999599999999,191.25,190.78999299999998,194.320007,559400.0
595952,2014-12-17,TDG,191.440002,194.690002,190.059998,195.270004,610300.0
596442,2014-12-18,TDG,195.570007,196.330002,194.649994,198.389999,675100.0
596932,2014-12-19,TDG,196.169998,197.800003,195.559998,197.91000400000001,344600.0
597422,2014-12-22,TDG,197.66000400000001,197.66000400000001,197.03999299999998,199.0,152400.0
597912,2014-12-23,TDG,198.0,198.259995,197.08999599999999,198.320007,237300.0
598402,2014-12-24,TDG,198.16000400000001,200.610001,197.630005,201.03999299999998,134900.0
598892,2014-12-26,TDG,200.78999299999998,200.100006,199.350006,200.970001,171900.0
599382,2014-12-29,TDG,199.46000700000002,198.550003,197.570007,199.940002,210100.0
599872,2014-12-30,TDG,198.119995,197.550003,197.029999,199.16000400000001,127900.0
600362,2014-12-31,TDG,197.5,196.350006,196.179993,198.729996,173800.0
600856,2015-01-02,TDG,196.759995,197.75,195.21000700000002,198.479996,360800.0
601350,2015-01-05,TDG,197.25,196.449997,194.449997,198.880005,508300.0
601844,2015-01-06,TDG,196.41000400000001,196.949997,194.300003,197.770004,448100.0
602338,2015-01-07,TDG,198.759995,199.559998,197.41000400000001,200.33999599999999,271100.0
602832,2015-01-08,TDG,201.0,202.899994,200.429993,203.0,232400.0
603326,2015-01-09,TDG,203.0,201.320007,200.470001,203.46000700000002,406700.0
603820,2015-01-12,TDG,201.669998,201.25,200.0,202.479996,256500.0
604314,2015-01-13,TDG,203.259995,204.029999,201.78999299999998,205.380005,287600.0
604808,2015-01-14,TDG,201.419998,204.119995,201.419998,205.770004,348700.0
605302,2015-01-15,TDG,205.0,203.740005,202.679993,205.0,211800.0
605796,2015-01-16,TDG,202.949997,204.0,201.970001,204.990005,256600.0
606290,2015-01-20,TDG,204.889999,203.75,202.369995,204.889999,402000.0
606784,2015-01-21,TDG,203.5,205.0,203.050003,205.479996,254000.0
607278,2015-01-22,TDG,205.419998,206.03999299999998,203.690002,206.649994,384700.0
607772,2015-01-23,TDG,206.259995,208.399994,206.25,209.03999299999998,670300.0
608266,2015-01-26,TDG,208.0,208.570007,205.809998,208.75,636500.0
608760,2015-01-27,TDG,202.259995,203.649994,200.0,206.5,1032700.0
609254,2015-01-28,TDG,205.639999,203.0,202.429993,208.679993,461000.0
609748,2015-01-29,TDG,202.619995,206.199997,201.119995,207.070007,582000.0
610242,2015-01-30,TDG,205.259995,205.529999,203.100006,206.610001,420500.0
610736,2015-02-02,TDG,206.399994,206.96000700000002,203.009995,207.259995,373700.0
611230,2015-02-03,TDG,208.059998,207.800003,206.229996,209.029999,404100.0
611724,2015-02-04,TDG,207.479996,209.679993,206.520004,211.690002,292400.0
612218,2015-02-05,TDG,210.61999500000002,211.020004,208.899994,211.520004,302600.0
612712,2015-02-06,TDG,210.11000099999998,212.11000099999998,210.11000099999998,212.330002,362700.0
613206,2015-02-09,TDG,211.13999900000002,207.869995,207.630005,212.149994,440900.0
613700,2015-02-10,TDG,208.520004,207.899994,207.100006,210.13000499999998,383600.0
614194,2015-02-11,TDG,208.080002,206.869995,206.300003,209.059998,412100.0
614688,2015-02-12,TDG,207.940002,206.66000400000001,206.03999299999998,208.600006,384500.0
615182,2015-02-13,TDG,206.309998,208.619995,206.309998,208.860001,285300.0
615676,2015-02-17,TDG,208.580002,208.179993,207.389999,208.96000700000002,292500.0
616170,2015-02-18,TDG,208.25,209.119995,207.729996,209.580002,276300.0
616664,2015-02-19,TDG,209.429993,211.979996,208.58999599999999,212.289993,247900.0
617158,2015-02-20,TDG,212.020004,213.729996,210.850006,213.770004,272400.0
617652,2015-02-23,TDG,215.770004,222.82000699999998,215.57000699999998,224.580002,807500.0
618146,2015-02-24,TDG,222.32000699999998,225.270004,222.32000699999998,225.82000699999998,731200.0
618640,2015-02-25,TDG,225.580002,223.440002,222.61999500000002,226.210007,711300.0
619134,2015-02-26,TDG,223.440002,221.580002,220.94999700000002,223.440002,455000.0
619628,2015-02-27,TDG,219.61000099999998,216.86000099999998,215.770004,221.30000299999998,515500.0
620122,2015-03-02,TDG,217.460007,218.11000099999998,215.83999599999999,219.99000499999997,529100.0
620616,2015-03-03,TDG,217.25999500000003,217.729996,216.350006,218.05000299999998,284200.0
621110,2015-03-04,TDG,217.49000499999997,215.330002,215.16000400000001,217.940002,285900.0
621604,2015-03-05,TDG,215.190002,215.33999599999999,213.67999300000002,216.66000400000001,256200.0
622098,2015-03-06,TDG,214.88999900000002,213.11999500000002,212.19999700000002,215.919998,308000.0
622592,2015-03-09,TDG,213.520004,214.75,213.210007,216.020004,334000.0
623086,2015-03-10,TDG,213.02999900000003,213.0,212.92999300000002,214.289993,218900.0
623580,2015-03-11,TDG,213.63000499999998,214.16000400000001,213.25,214.830002,214600.0
624074,2015-03-12,TDG,214.940002,216.27999900000003,214.100006,216.539993,285900.0
624568,2015-03-13,TDG,215.57000699999998,214.82000699999998,212.77999900000003,216.82000699999998,176200.0
625062,2015-03-16,TDG,214.850006,217.13999900000002,214.24000499999997,217.27999900000003,385300.0
625556,2015-03-17,TDG,216.47000099999997,216.49000499999997,215.13999900000002,217.039993,286400.0
626050,2015-03-18,TDG,215.25,216.440002,213.27999900000003,217.38000499999998,269700.0
626544,2015-03-19,TDG,216.74000499999997,214.789993,213.50999500000003,217.580002,202900.0
627038,2015-03-20,TDG,218.100006,215.75,215.020004,218.440002,434300.0
627532,2015-03-23,TDG,215.75,215.789993,214.210007,217.350006,243600.0
628026,2015-03-24,TDG,215.27999900000003,215.149994,214.38999900000002,216.850006,181600.0
628520,2015-03-25,TDG,214.940002,214.0,213.86000099999998,215.75,432200.0
629014,2015-03-26,TDG,213.710007,215.17999300000002,212.72000099999997,215.86000099999998,426700.0
629508,2015-03-27,TDG,215.17999300000002,217.86999500000002,215.17999300000002,218.88000499999998,205900.0
630002,2015-03-30,TDG,218.41000400000001,219.830002,217.86999500000002,220.63999900000002,271200.0
630496,2015-03-31,TDG,220.02999900000003,218.72000099999997,218.080002,220.02999900000003,313700.0
630990,2015-04-01,TDG,217.460007,218.72000099999997,217.00999500000003,219.690002,329700.0
631484,2015-04-02,TDG,218.99000499999997,220.25,218.36999500000002,220.82000699999998,210000.0
631978,2015-04-06,TDG,219.229996,219.74000499999997,218.75,221.44999700000002,186700.0
632472,2015-04-07,TDG,219.899994,220.830002,219.44999700000002,221.52999900000003,257700.0
632966,2015-04-08,TDG,221.309998,220.61000099999998,219.25999500000003,222.33999599999999,303200.0
633460,2015-04-09,TDG,221.55000299999998,221.94999700000002,220.44999700000002,222.330002,277600.0
633954,2015-04-10,TDG,222.770004,223.19999700000002,221.80000299999998,224.0,204000.0
634448,2015-04-13,TDG,223.460007,222.82000699999998,222.190002,223.97000099999997,297300.0
634942,2015-04-14,TDG,222.940002,222.30000299999998,221.039993,222.979996,171800.0
635436,2015-04-15,TDG,223.080002,222.330002,221.44999700000002,223.86999500000002,191000.0
635930,2015-04-16,TDG,221.830002,222.080002,221.00999500000003,222.580002,172700.0
636424,2015-04-17,TDG,221.50999500000003,219.38000499999998,218.770004,221.50999500000003,337100.0
636918,2015-04-20,TDG,220.77999900000003,222.479996,220.77999900000003,222.61999500000002,153300.0
637412,2015-04-21,TDG,223.42999300000002,223.600006,221.460007,223.600006,216900.0
637906,2015-04-22,TDG,223.5,221.809998,220.789993,223.539993,225300.0
638400,2015-04-23,TDG,220.979996,221.919998,220.979996,223.690002,150800.0
638894,2015-04-24,TDG,223.149994,223.02999900000003,221.30000299999998,223.5,242900.0
639388,2015-04-27,TDG,223.229996,219.039993,218.77999900000003,223.36000099999998,275300.0
639882,2015-04-28,TDG,218.05000299999998,217.86999500000002,216.559998,219.82000699999998,343100.0
640376,2015-04-29,TDG,216.169998,213.100006,212.86000099999998,217.16000400000001,353600.0
640870,2015-04-30,TDG,212.25999500000003,212.13000499999998,211.330002,213.960007,275300.0
641364,2015-05-01,TDG,214.5,218.83999599999999,214.00999500000003,219.66000400000001,409800.0
641858,2015-05-04,TDG,219.979996,220.27999900000003,219.05000299999998,220.729996,505900.0
642352,2015-05-05,TDG,218.559998,214.92999300000002,212.47000099999997,219.25,900200.0
642846,2015-05-06,TDG,216.080002,220.11999500000002,214.520004,220.30000299999998,609800.0
643340,2015-05-07,TDG,219.97000099999997,222.07000699999998,218.330002,223.190002,694500.0
643834,2015-05-08,TDG,224.0,221.86000099999998,221.419998,224.99000499999997,443700.0
644328,2015-05-11,TDG,222.17999300000002,222.44999700000002,221.770004,224.0,345300.0
644822,2015-05-12,TDG,221.169998,223.44999700000002,220.979996,223.88000499999998,295600.0
645316,2015-05-13,TDG,224.0,224.52999900000003,222.770004,224.919998,198300.0
645810,2015-05-14,TDG,224.979996,229.22000099999997,224.080002,230.080002,398600.0
646304,2015-05-15,TDG,229.729996,227.55000299999998,226.63999900000002,230.0,384100.0
646798,2015-05-18,TDG,226.63000499999998,226.74000499999997,226.13999900000002,228.0,292000.0
647292,2015-05-19,TDG,227.25999500000003,228.83999599999999,226.82000699999998,229.899994,211100.0
647786,2015-05-20,TDG,229.399994,228.190002,227.440002,230.36999500000002,185000.0
648280,2015-05-21,TDG,228.36000099999998,228.91000400000001,227.649994,229.0,144700.0
648774,2015-05-22,TDG,228.94999700000002,227.11999500000002,226.69999700000002,228.979996,191400.0
649268,2015-05-26,TDG,227.899994,226.88999900000002,225.919998,229.36000099999998,303400.0
649762,2015-05-27,TDG,227.11999500000002,228.99000499999997,226.559998,229.25,241000.0
650256,2015-05-28,TDG,229.0,227.49000499999997,226.67999300000002,229.0,166400.0
650750,2015-05-29,TDG,227.74000499999997,226.039993,224.919998,227.74000499999997,435500.0
651244,2015-06-01,TDG,227.0,228.25,225.38999900000002,229.05000299999998,273100.0
651738,2015-06-02,TDG,228.13000499999998,226.41000400000001,225.86999500000002,228.13000499999998,203300.0
652232,2015-06-03,TDG,226.850006,227.309998,225.30000299999998,228.789993,205100.0
652726,2015-06-04,TDG,225.940002,225.17999300000002,224.57000699999998,226.899994,221300.0
653220,2015-06-05,TDG,224.94999700000002,226.11999500000002,224.149994,226.330002,150500.0
653714,2015-06-08,TDG,226.11999500000002,225.05000299999998,224.61999500000002,227.49000499999997,239200.0
654208,2015-06-09,TDG,225.38999900000002,225.82000699999998,224.30000299999998,226.24000499999997,232300.0
654702,2015-06-10,TDG,226.5,226.5,225.580002,227.88999900000002,243300.0
655196,2015-06-11,TDG,226.940002,227.83999599999999,226.38000499999998,228.669998,183000.0
655690,2015-06-12,TDG,226.69999700000002,225.61999500000002,224.32000699999998,226.82000699999998,244800.0
656184,2015-06-15,TDG,225.86999500000002,225.13000499999998,224.11000099999998,225.86999500000002,320100.0
656678,2015-06-16,TDG,225.350006,225.97000099999997,225.229996,227.36000099999998,213100.0
657172,2015-06-17,TDG,226.229996,227.47000099999997,225.729996,228.149994,146400.0
657666,2015-06-18,TDG,228.229996,228.789993,228.229996,229.22000099999997,185800.0
658160,2015-06-19,TDG,228.83999599999999,231.08999599999999,228.32000699999998,232.0,379800.0
658654,2015-06-22,TDG,231.960007,231.08999599999999,230.30000299999998,232.17999300000002,170700.0
659148,2015-06-23,TDG,231.149994,229.82000699999998,229.55000299999998,231.99000499999997,120400.0
659642,2015-06-24,TDG,229.5,227.61999500000002,227.100006,231.17999300000002,170300.0
660137,2015-06-25,TDG,228.729996,228.49000499999997,227.309998,229.08999599999999,189300.0
660632,2015-06-26,TDG,229.059998,229.169998,227.309998,229.710007,280300.0
661127,2015-06-29,TDG,227.27999900000003,225.38000499999998,225.289993,228.770004,225200.0
661622,2015-06-30,TDG,227.02999900000003,224.669998,224.47000099999997,227.91000400000001,368200.0
662117,2015-07-01,TDG,225.809998,227.50999500000003,225.520004,228.13999900000002,304500.0
662612,2015-07-02,TDG,227.770004,227.77999900000003,227.169998,229.0,161600.0
663109,2015-07-06,TDG,226.330002,227.330002,225.020004,228.419998,353300.0
663606,2015-07-07,TDG,227.5,227.61999500000002,223.32000699999998,227.830002,506500.0
664103,2015-07-08,TDG,226.080002,222.330002,221.5,226.24000499999997,421500.0
664600,2015-07-09,TDG,224.330002,223.63999900000002,223.52999900000003,226.63999900000002,473700.0
665097,2015-07-10,TDG,225.11999500000002,223.520004,222.899994,227.07000699999998,285700.0
665594,2015-07-13,TDG,225.559998,225.25999500000003,224.020004,226.419998,234200.0
666091,2015-07-14,TDG,226.19999700000002,231.69999700000002,224.88000499999998,232.17999300000002,505600.0
666588,2015-07-15,TDG,232.440002,228.58999599999999,228.36999500000002,234.25999500000003,437900.0
667085,2015-07-16,TDG,229.13000499999998,231.080002,228.210007,231.58999599999999,536700.0
667582,2015-07-17,TDG,230.809998,233.600006,230.19999700000002,233.850006,190700.0
668079,2015-07-20,TDG,233.80000299999998,234.27999900000003,232.38000499999998,234.91000400000001,347500.0
668576,2015-07-21,TDG,233.05000299999998,229.22000099999997,227.83999599999999,233.05000299999998,566700.0
669073,2015-07-22,TDG,228.0,226.350006,225.36999500000002,229.600006,774700.0
669570,2015-07-23,TDG,225.919998,225.77999900000003,225.58999599999999,230.83999599999999,338100.0
670067,2015-07-24,TDG,225.580002,224.61000099999998,223.19999700000002,227.059998,411100.0
670564,2015-07-27,TDG,222.270004,216.92999300000002,216.11000099999998,225.92999300000002,1018300.0
671061,2015-07-28,TDG,217.479996,217.059998,214.809998,218.770004,816700.0
671558,2015-07-29,TDG,219.25999500000003,221.020004,218.99000499999997,223.91000400000001,679700.0
672055,2015-07-30,TDG,221.0,219.75999500000003,219.419998,222.47000099999997,653900.0
672552,2015-07-31,TDG,220.539993,226.30000299999998,220.539993,226.960007,515100.0
673049,2015-08-03,TDG,226.82000699999998,229.330002,225.24000499999997,230.11999500000002,645900.0
673546,2015-08-04,TDG,216.350006,228.350006,216.32000699999998,231.91000400000001,815600.0
674043,2015-08-05,TDG,230.600006,238.63999900000002,230.600006,239.710007,679300.0
674540,2015-08-06,TDG,240.309998,238.17999300000002,235.830002,240.809998,547300.0
675037,2015-08-07,TDG,238.11999500000002,234.91000400000001,233.649994,238.440002,315600.0
675534,2015-08-10,TDG,237.27999900000003,237.0,235.75,239.17999300000002,341900.0
676031,2015-08-11,TDG,236.05000299999998,237.600006,235.0,238.149994,339200.0
676528,2015-08-12,TDG,235.80000299999998,234.350006,230.669998,237.13000499999998,561600.0
677025,2015-08-13,TDG,233.88000499999998,239.020004,232.86000099999998,239.789993,256700.0
677522,2015-08-14,TDG,238.27999900000003,243.080002,237.02999900000003,244.0,500500.0
678019,2015-08-17,TDG,242.69999700000002,244.350006,240.00999500000003,244.58999599999999,347300.0
678516,2015-08-18,TDG,242.72000099999997,242.559998,242.210007,244.899994,222700.0
679013,2015-08-19,TDG,242.0,241.36000099999998,239.47000099999997,243.69999700000002,211400.0
679510,2015-08-20,TDG,240.210007,232.789993,232.600006,240.210007,408800.0
680007,2015-08-21,TDG,230.36000099999998,227.75,227.059998,232.08999599999999,316400.0
680504,2015-08-24,TDG,215.08999599999999,221.559998,214.74000499999997,228.0,587100.0
681001,2015-08-25,TDG,225.69999700000002,220.99000499999997,219.82000699999998,228.100006,541000.0
681498,2015-08-26,TDG,224.770004,227.479996,220.00999500000003,229.27999900000003,712100.0
681995,2015-08-27,TDG,230.30000299999998,235.710007,228.24000499999997,237.50999500000003,373900.0
682492,2015-08-28,TDG,234.940002,237.0,234.440002,239.05000299999998,358700.0
682989,2015-08-31,TDG,236.960007,229.830002,229.789993,236.960007,395400.0
683486,2015-09-01,TDG,225.669998,222.520004,221.33999599999999,227.17999300000002,479800.0
683983,2015-09-02,TDG,225.580002,229.61999500000002,224.80000299999998,229.770004,390600.0
684480,2015-09-03,TDG,231.059998,229.479996,228.66000400000001,232.38000499999998,461200.0
684977,2015-09-04,TDG,226.25999500000003,226.38999900000002,225.19999700000002,228.61000099999998,260200.0
685474,2015-09-08,TDG,228.940002,231.92999300000002,228.789993,232.399994,256600.0
685971,2015-09-09,TDG,233.32000699999998,228.11000099999998,227.960007,234.520004,339800.0
686468,2015-09-10,TDG,227.729996,227.0,226.270004,230.25,298500.0
686965,2015-09-11,TDG,226.33999599999999,228.850006,225.02999900000003,228.850006,205700.0
687462,2015-09-14,TDG,229.350006,228.52999900000003,227.149994,229.50999500000003,273700.0
687959,2015-09-15,TDG,229.16000400000001,229.42999300000002,226.419998,230.99000499999997,178400.0
688456,2015-09-16,TDG,229.600006,230.169998,228.270004,231.11000099999998,182100.0
688953,2015-09-17,TDG,229.809998,232.49000499999997,229.600006,234.97000099999997,360600.0
689450,2015-09-18,TDG,229.440002,230.88000499999998,229.039993,232.690002,507400.0
689947,2015-09-21,TDG,231.69999700000002,230.690002,229.61999500000002,234.30000299999998,231900.0
690444,2015-09-22,TDG,228.72000099999997,227.86999500000002,226.25999500000003,229.36999500000002,203600.0
690941,2015-09-23,TDG,228.72000099999997,226.30000299999998,225.580002,229.22000099999997,170900.0
691438,2015-09-24,TDG,224.100006,224.710007,221.0,225.729996,370200.0
691935,2015-09-25,TDG,227.38000499999998,223.91000400000001,222.33999599999999,227.38000499999998,244000.0
692432,2015-09-28,TDG,222.13999900000002,218.83999599999999,218.72000099999997,224.07000699999998,480000.0
692929,2015-09-29,TDG,218.309998,212.22000099999997,208.350006,219.05000299999998,958800.0
693426,2015-09-30,TDG,213.16000400000001,212.41000400000001,210.190002,215.669998,774100.0
693923,2015-10-01,TDG,211.61999500000002,215.61999500000002,210.25999500000003,216.75,514600.0
694420,2015-10-02,TDG,213.00999500000003,217.61999500000002,212.41000400000001,218.210007,352400.0
694917,2015-10-05,TDG,219.67999300000002,218.809998,217.770004,220.809998,394200.0
695414,2015-10-06,TDG,219.539993,213.25,211.710007,219.539993,803400.0
695911,2015-10-07,TDG,214.25999500000003,215.75999500000003,213.44999700000002,216.77999900000003,319100.0
696408,2015-10-08,TDG,215.36999500000002,219.61999500000002,215.25999500000003,220.309998,277500.0
696905,2015-10-09,TDG,220.47000099999997,220.309998,218.539993,221.22000099999997,306400.0
697402,2015-10-12,TDG,220.059998,221.72000099999997,218.789993,223.600006,335000.0
697899,2015-10-13,TDG,221.059998,219.57000699999998,218.88000499999998,222.67999300000002,234700.0
698396,2015-10-14,TDG,219.25999500000003,211.770004,210.22000099999997,220.690002,988300.0
698893,2015-10-15,TDG,212.17999300000002,215.059998,212.02999900000003,215.289993,440200.0
699390,2015-10-16,TDG,215.91000400000001,216.25,213.38999900000002,216.88999900000002,264600.0
699888,2015-10-19,TDG,214.710007,216.669998,214.710007,217.13999900000002,287500.0
700386,2015-10-20,TDG,216.419998,215.830002,215.169998,217.30000299999998,229300.0
700884,2015-10-21,TDG,217.49000499999997,216.33999599999999,215.38999900000002,219.0,260500.0
701382,2015-10-22,TDG,217.039993,218.97000099999997,216.309998,222.419998,482400.0
701880,2015-10-23,TDG,221.0,217.61999500000002,216.419998,221.0,320000.0
702378,2015-10-26,TDG,217.44999700000002,217.190002,215.770004,218.559998,216400.0
702876,2015-10-27,TDG,216.75,216.97000099999997,216.0,217.809998,459400.0
703374,2015-10-28,TDG,216.0,217.580002,215.309998,217.75,468500.0
703872,2015-10-29,TDG,216.36999500000002,222.72000099999997,216.36999500000002,222.919998,400500.0
704370,2015-10-30,TDG,222.330002,219.850006,219.69999700000002,224.020004,268800.0
704868,2015-11-02,TDG,219.669998,227.270004,219.669998,227.350006,632300.0
705366,2015-11-03,TDG,226.91000400000001,225.0,223.0,227.169998,326600.0
705864,2015-11-04,TDG,225.67999300000002,228.05000299999998,225.30000299999998,228.38999900000002,328000.0
706362,2015-11-05,TDG,228.229996,227.41000400000001,224.419998,229.850006,368200.0
706860,2015-11-06,TDG,226.5,226.33999599999999,224.55000299999998,227.77999900000003,354900.0
707358,2015-11-09,TDG,225.289993,222.97000099999997,221.11000099999998,227.25,219900.0
707856,2015-11-10,TDG,222.19999700000002,223.32000699999998,221.020004,223.960007,230600.0
708354,2015-11-11,TDG,224.55000299999998,218.88000499999998,218.669998,226.25,474100.0
708852,2015-11-12,TDG,225.919998,229.5,225.649994,234.75,1258300.0
709350,2015-11-13,TDG,228.94999700000002,229.72000099999997,228.02999900000003,230.74000499999997,786000.0
709849,2015-11-16,TDG,229.77999900000003,231.24000499999997,226.75999500000003,231.69999700000002,818100.0
710348,2015-11-17,TDG,231.25999500000003,231.30000299999998,229.24000499999997,233.0,390600.0
710847,2015-11-18,TDG,231.350006,232.38999900000002,230.460007,233.0,387200.0
711346,2015-11-19,TDG,231.669998,235.899994,231.669998,236.19999700000002,473800.0
711845,2015-11-20,TDG,237.33999599999999,236.25,235.13999900000002,237.55000299999998,486200.0
712344,2015-11-23,TDG,236.72000099999997,236.16000400000001,234.49000499999997,237.580002,457200.0
712843,2015-11-24,TDG,234.580002,235.86999500000002,234.30000299999998,237.940002,298500.0
713342,2015-11-25,TDG,235.710007,236.33999599999999,235.30000299999998,236.88000499999998,252500.0
713841,2015-11-27,TDG,236.11999500000002,237.210007,234.83999599999999,237.33999599999999,86400.0
714340,2015-11-30,TDG,236.92999300000002,234.63000499999998,234.190002,237.350006,433100.0
714839,2015-12-01,TDG,235.57000699999998,238.22000099999997,235.149994,238.419998,212200.0
715338,2015-12-02,TDG,237.69999700000002,236.399994,235.710007,238.50999500000003,302900.0
715837,2015-12-03,TDG,237.42999300000002,234.38999900000002,233.38000499999998,238.36000099999998,193700.0
716336,2015-12-04,TDG,234.979996,238.00999500000003,233.50999500000003,238.039993,191700.0
716835,2015-12-07,TDG,237.91000400000001,237.13999900000002,235.50999500000003,238.49000499999997,351300.0
717334,2015-12-08,TDG,234.69999700000002,232.669998,231.19999700000002,237.039993,384100.0
717833,2015-12-09,TDG,231.75999500000003,230.24000499999997,228.41000400000001,234.059998,220700.0
718332,2015-12-10,TDG,231.0,230.72000099999997,228.919998,231.97000099999997,242300.0
718831,2015-12-11,TDG,231.100006,223.36000099999998,222.399994,231.11000099999998,479200.0
719330,2015-12-14,TDG,223.330002,218.080002,216.33999599999999,224.789993,625100.0
719829,2015-12-15,TDG,219.38000499999998,217.67999300000002,216.57000699999998,219.99000499999997,921900.0
720328,2015-12-16,TDG,217.789993,221.33999599999999,213.94999700000002,222.41000400000001,867000.0
720827,2015-12-17,TDG,221.63000499999998,219.67999300000002,218.830002,223.0,517800.0
721326,2015-12-18,TDG,219.25,219.899994,218.0,220.919998,562900.0
721825,2015-12-21,TDG,221.399994,226.02999900000003,220.330002,226.63999900000002,449000.0
722324,2015-12-22,TDG,227.02999900000003,226.169998,223.330002,227.67999300000002,277800.0
722823,2015-12-23,TDG,226.94999700000002,227.52999900000003,226.13000499999998,228.16000400000001,268700.0
723322,2015-12-24,TDG,227.25,226.789993,225.99000499999997,227.97000099999997,85500.0
723821,2015-12-28,TDG,226.36999500000002,225.22000099999997,223.460007,226.36999500000002,228000.0
724320,2015-12-29,TDG,226.11999500000002,228.36999500000002,226.11999500000002,228.86999500000002,166000.0
724819,2015-12-30,TDG,228.36000099999998,227.88000499999998,227.13999900000002,229.289993,179800.0
725318,2015-12-31,TDG,226.75999500000003,228.44999700000002,226.75999500000003,229.32000699999998,239500.0
725817,2016-01-04,TDG,228.19999700000002,229.86000099999998,224.11999500000002,230.86999500000002,838500.0
726316,2016-01-05,TDG,230.350006,227.58999599999999,226.30000299999998,232.419998,641900.0
726815,2016-01-06,TDG,227.309998,230.100006,224.919998,230.11000099999998,613600.0
727314,2016-01-07,TDG,226.479996,227.27999900000003,226.479996,229.50999500000003,862500.0
727813,2016-01-08,TDG,228.86000099999998,221.49000499999997,221.11999500000002,229.50999500000003,717300.0
728312,2016-01-11,TDG,223.88999900000002,228.55000299999998,222.830002,230.63999900000002,778300.0
728811,2016-01-12,TDG,230.149994,229.309998,226.82000699999998,231.42999300000002,407700.0
729310,2016-01-13,TDG,230.100006,221.080002,221.0,230.580002,611000.0
729809,2016-01-14,TDG,221.25999500000003,226.55000299999998,218.25999500000003,227.57000699999998,813400.0
730308,2016-01-15,TDG,221.899994,218.25999500000003,213.11999500000002,222.809998,1019700.0
730807,2016-01-19,TDG,219.960007,220.82000699999998,217.86999500000002,222.580002,824700.0
731306,2016-01-20,TDG,218.22000099999997,217.69999700000002,210.19999700000002,222.059998,1275300.0
731805,2016-01-21,TDG,218.25999500000003,216.460007,215.0,219.99000499999997,674000.0
732304,2016-01-22,TDG,219.16000400000001,222.830002,218.479996,223.07000699999998,456300.0
732803,2016-01-25,TDG,223.08999599999999,220.13000499999998,219.850006,223.24000499999997,386100.0
733302,2016-01-26,TDG,220.88000499999998,225.5,220.50999500000003,226.100006,466600.0
733801,2016-01-27,TDG,223.82000699999998,221.13999900000002,219.289993,223.82000699999998,696500.0
734300,2016-01-28,TDG,221.729996,219.289993,218.309998,224.02999900000003,679800.0
734799,2016-01-29,TDG,220.97000099999997,224.729996,219.32000699999998,224.729996,715300.0
735298,2016-02-01,TDG,223.479996,228.690002,221.75,230.0,446200.0
735797,2016-02-02,TDG,226.330002,220.63000499999998,220.19999700000002,226.330002,606000.0
736296,2016-02-03,TDG,221.899994,223.49000499999997,217.729996,223.979996,517900.0
736795,2016-02-04,TDG,222.67999300000002,227.350006,222.27999900000003,227.58999599999999,385200.0
737294,2016-02-05,TDG,227.08999599999999,221.47000099999997,220.059998,227.350006,561500.0
737793,2016-02-08,TDG,217.97000099999997,214.63000499999998,211.11000099999998,220.83999599999999,1482100.0
738292,2016-02-09,TDG,197.0,187.28999299999998,180.759995,206.559998,4434200.0
738791,2016-02-10,TDG,189.179993,192.91000400000001,189.179993,200.350006,2041200.0
739290,2016-02-11,TDG,188.440002,190.199997,184.699997,190.720001,2048200.0
739789,2016-02-12,TDG,192.53999299999998,195.100006,190.550003,196.16000400000001,1288600.0
740288,2016-02-16,TDG,197.03999299999998,205.240005,195.259995,205.53999299999998,931200.0
740787,2016-02-17,TDG,207.889999,207.429993,206.53999299999998,211.38000499999998,1021800.0
741286,2016-02-18,TDG,209.279999,208.83999599999999,207.720001,210.63000499999998,552800.0
741785,2016-02-19,TDG,208.0,207.41000400000001,205.190002,209.75,550700.0
742284,2016-02-22,TDG,210.559998,209.66000400000001,208.75,212.44999700000002,593100.0
742783,2016-02-23,TDG,209.220001,211.52999900000003,208.0,212.67999300000002,392300.0
743282,2016-02-24,TDG,209.300003,214.25999500000003,207.479996,215.270004,516000.0
743781,2016-02-25,TDG,215.11000099999998,215.25,213.11999500000002,218.600006,428000.0
744280,2016-02-26,TDG,215.05000299999998,217.25,214.710007,218.479996,324100.0
744779,2016-02-29,TDG,216.75,213.580002,213.559998,219.169998,939800.0
745278,2016-03-01,TDG,215.16000400000001,216.309998,212.690002,217.600006,642000.0
745777,2016-03-02,TDG,216.330002,218.309998,213.289993,218.47000099999997,636800.0
746276,2016-03-03,TDG,218.61000099999998,219.63000499999998,216.149994,222.19999700000002,404100.0
746775,2016-03-04,TDG,221.309998,222.67999300000002,219.13999900000002,223.190002,766000.0
747274,2016-03-07,TDG,220.17999300000002,222.16000400000001,220.080002,222.440002,702500.0
747773,2016-03-08,TDG,221.600006,218.27999900000003,218.24000499999997,221.789993,407600.0
748272,2016-03-09,TDG,219.0,219.960007,218.289993,221.58999599999999,326600.0
748771,2016-03-10,TDG,220.80000299999998,218.38999900000002,215.690002,221.100006,423800.0
749270,2016-03-11,TDG,219.419998,221.169998,218.520004,221.42999300000002,457700.0
749769,2016-03-14,TDG,219.600006,218.86999500000002,217.36000099999998,220.649994,525900.0
750268,2016-03-15,TDG,217.350006,219.08999599999999,216.580002,219.789993,343900.0
750767,2016-03-16,TDG,218.75999500000003,220.0,218.149994,221.770004,220600.0
751266,2016-03-17,TDG,219.13999900000002,226.80000299999998,218.5,230.0,1250500.0
751765,2016-03-18,TDG,227.50999500000003,225.07000699999998,224.919998,228.559998,832300.0
752264,2016-03-21,TDG,224.690002,223.86000099999998,223.149994,225.690002,473200.0
752763,2016-03-22,TDG,222.99000499999997,223.580002,220.80000299999998,224.97000099999997,310500.0
753262,2016-03-23,TDG,223.479996,220.94999700000002,220.830002,224.66000400000001,480800.0
753761,2016-03-24,TDG,219.710007,219.67999300000002,215.86999500000002,220.38000499999998,355100.0
754260,2016-03-28,TDG,219.55000299999998,219.63000499999998,217.22000099999997,220.19999700000002,271500.0
754759,2016-03-29,TDG,218.82000699999998,223.49000499999997,217.94999700000002,224.0,608600.0
755258,2016-03-30,TDG,224.27999900000003,221.19999700000002,220.94999700000002,225.11999500000002,484400.0
755757,2016-03-31,TDG,220.92999300000002,220.33999599999999,218.690002,221.63000499999998,434300.0
756256,2016-04-01,TDG,218.41000400000001,221.419998,217.039993,221.83999599999999,415800.0
756755,2016-04-04,TDG,220.979996,220.100006,219.07000699999998,221.50999500000003,380300.0
757254,2016-04-05,TDG,219.649994,219.30000299999998,218.74000499999997,220.63999900000002,483600.0
757753,2016-04-06,TDG,219.30000299999998,223.36000099999998,219.0,224.19999700000002,359000.0
758252,2016-04-07,TDG,221.25999500000003,224.22000099999997,221.25999500000003,224.830002,367900.0
758751,2016-04-08,TDG,226.440002,224.13999900000002,223.38000499999998,227.5,378700.0
759250,2016-04-11,TDG,225.77999900000003,224.5,223.039993,227.100006,225600.0
759749,2016-04-12,TDG,223.97000099999997,225.16000400000001,222.11000099999998,226.63000499999998,294500.0
760248,2016-04-13,TDG,222.690002,225.229996,218.559998,226.979996,646800.0
760747,2016-04-14,TDG,225.229996,225.13999900000002,223.149994,226.149994,325200.0
761246,2016-04-15,TDG,225.13999900000002,226.38999900000002,224.559998,226.86999500000002,233700.0
761745,2016-04-18,TDG,225.75999500000003,225.08999599999999,224.77999900000003,226.99000499999997,552300.0
762244,2016-04-19,TDG,226.419998,227.05000299999998,224.52999900000003,227.13999900000002,468900.0
762743,2016-04-20,TDG,227.05000299999998,229.5,224.11000099999998,232.440002,773500.0
763242,2016-04-21,TDG,229.88000499999998,228.460007,228.08999599999999,230.52999900000003,434200.0
763741,2016-04-22,TDG,228.11999500000002,226.789993,223.809998,229.92999300000002,445700.0
764240,2016-04-25,TDG,226.830002,224.42999300000002,223.57000699999998,227.32000699999998,498500.0
764739,2016-04-26,TDG,225.50999500000003,230.899994,225.059998,231.440002,419700.0
765238,2016-04-27,TDG,230.0,232.63999900000002,229.309998,233.770004,549300.0
765737,2016-04-28,TDG,231.460007,229.91000400000001,229.649994,233.17999300000002,361200.0
766236,2016-04-29,TDG,228.5,227.86999500000002,226.169998,229.830002,609300.0
766735,2016-05-02,TDG,228.11000099999998,225.5,225.41000400000001,230.00999500000003,439500.0
767234,2016-05-03,TDG,223.229996,226.49000499999997,223.11000099999998,227.539993,956100.0
767733,2016-05-04,TDG,225.30000299999998,226.55000299999998,224.940002,227.24000499999997,357700.0
768232,2016-05-05,TDG,227.36999500000002,227.41000400000001,226.25999500000003,228.440002,388800.0
768731,2016-05-06,TDG,226.00999500000003,224.059998,223.66000400000001,227.91000400000001,839900.0
769230,2016-05-09,TDG,221.5,225.669998,220.11000099999998,227.47000099999997,890600.0
769729,2016-05-10,TDG,236.5,249.5,236.5,250.770004,2495700.0
770228,2016-05-11,TDG,249.49000499999997,247.11000099999998,246.42999300000002,250.5,898300.0
770727,2016-05-12,TDG,248.80000299999998,247.0,244.49000499999997,249.97000099999997,754900.0
771226,2016-05-13,TDG,246.05000299999998,248.86999500000002,246.05000299999998,249.61999500000002,769000.0
771725,2016-05-16,TDG,248.50999500000003,249.58999599999999,247.57000699999998,250.99000499999997,877900.0
772224,2016-05-17,TDG,248.960007,248.899994,247.36999500000002,251.479996,528200.0
772723,2016-05-18,TDG,248.5,248.02999900000003,246.559998,250.13999900000002,608100.0
773222,2016-05-19,TDG,247.55000299999998,247.729996,244.36000099999998,248.63999900000002,362900.0
773721,2016-05-20,TDG,249.63999900000002,249.88999900000002,247.94999700000002,251.24000499999997,277700.0
774220,2016-05-23,TDG,249.789993,248.74000499999997,247.86999500000002,249.97000099999997,344300.0
774719,2016-05-24,TDG,250.0,254.649994,244.92999300000002,255.57000699999998,700700.0
775218,2016-05-25,TDG,254.580002,255.669998,253.960007,257.299988,577300.0
775717,2016-05-26,TDG,256.25,254.77999900000003,253.350006,256.25,533400.0
776216,2016-05-27,TDG,255.07000699999998,255.97000099999997,253.88999900000002,256.23999,423000.0
776715,2016-05-31,TDG,265.410004,263.540009,262.619995,265.869995,2665700.0
777214,2016-06-01,TDG,261.73999,266.089996,261.160004,267.390015,1803100.0
777713,2016-06-02,TDG,266.369995,265.839996,263.309998,267.309998,9761000.0
778212,2016-06-03,TDG,265.01001,264.380005,262.100006,265.700012,1120300.0
778711,2016-06-06,TDG,265.0,265.299988,262.799988,266.359985,631900.0
779210,2016-06-07,TDG,265.75,266.670013,263.980011,267.149994,623400.0
779709,2016-06-08,TDG,266.309998,264.980011,264.549988,268.0,646500.0
780208,2016-06-09,TDG,264.100006,266.230011,263.950012,266.540009,498100.0
780707,2016-06-10,TDG,267.170013,261.100006,260.299988,267.170013,599000.0
781206,2016-06-13,TDG,260.799988,258.829987,256.290009,262.709991,453000.0
781705,2016-06-14,TDG,258.22000099999997,259.369995,257.23999,260.130005,538700.0
782204,2016-06-15,TDG,260.369995,259.649994,258.5,261.119995,401400.0
782703,2016-06-16,TDG,259.459991,259.440002,255.86000099999998,259.820007,514100.0
783202,2016-06-17,TDG,259.700012,259.459991,256.73999,259.730011,774100.0
783701,2016-06-20,TDG,262.5,261.47000099999997,261.140015,263.369995,420100.0
784200,2016-06-21,TDG,260.98999,262.73999,259.809998,263.660004,535700.0
784699,2016-06-22,TDG,262.290009,261.869995,260.040009,263.829987,493000.0
785198,2016-06-23,TDG,263.059998,265.350006,261.869995,265.579987,543200.0
785697,2016-06-24,TDG,258.01001,257.649994,257.109985,264.26001,944800.0
786196,2016-06-27,TDG,255.669998,251.86000099999998,249.539993,256.190002,634800.0
786695,2016-06-28,TDG,253.850006,257.130005,253.460007,257.519989,429600.0
787194,2016-06-29,TDG,260.820007,260.899994,258.869995,261.769989,327200.0
787693,2016-06-30,TDG,260.899994,263.690002,259.940002,263.890015,549700.0
788192,2016-07-01,TDG,263.600006,262.72000099999997,261.420013,266.380005,480700.0
788691,2016-07-05,TDG,261.070007,259.809998,257.27999900000003,262.0,609600.0
789191,2016-07-06,TDG,258.5,262.320007,258.23999,262.709991,277200.0
789691,2016-07-07,TDG,262.52999900000003,262.459991,261.570007,264.910004,386400.0
790191,2016-07-08,TDG,264.910004,269.809998,264.230011,270.079987,610800.0
790691,2016-07-11,TDG,269.410004,268.309998,267.73999,269.859985,388600.0
791191,2016-07-12,TDG,270.559998,269.51001,268.559998,272.320007,301200.0
791691,2016-07-13,TDG,270.0,271.089996,269.51001,272.119995,398300.0
792191,2016-07-14,TDG,273.600006,272.73999,270.670013,273.600006,335900.0
792691,2016-07-15,TDG,273.339996,271.450012,270.290009,273.339996,342400.0
793191,2016-07-18,TDG,272.02999900000003,271.940002,270.839996,272.100006,397600.0
793691,2016-07-19,TDG,271.119995,274.22000099999997,271.119995,276.140015,485600.0
794191,2016-07-20,TDG,274.869995,274.049988,273.579987,275.730011,298200.0
794691,2016-07-21,TDG,273.959991,270.910004,269.899994,274.390015,431400.0
795191,2016-07-22,TDG,271.200012,274.160004,269.640015,274.47000099999997,268700.0
795691,2016-07-25,TDG,273.089996,273.859985,271.940002,274.160004,209300.0
796191,2016-07-26,TDG,274.22000099999997,277.299988,274.149994,277.519989,343300.0
796691,2016-07-27,TDG,278.51001,278.149994,276.690002,279.179993,302600.0
797191,2016-07-28,TDG,278.01001,278.98999,276.75,279.519989,422400.0
797691,2016-07-29,TDG,277.0,279.519989,276.77999900000003,280.27999900000003,505400.0
798191,2016-08-01,TDG,278.52999900000003,279.019989,277.77999900000003,280.190002,520400.0
798691,2016-08-02,TDG,278.75,277.149994,276.48999,279.700012,301300.0
799191,2016-08-03,TDG,277.019989,277.950012,276.119995,278.690002,384900.0
799691,2016-08-04,TDG,278.570007,277.790009,276.549988,279.769989,249700.0
800191,2016-08-05,TDG,278.350006,280.609985,278.100006,280.75,304000.0
800691,2016-08-08,TDG,281.640015,279.040009,276.829987,281.640015,631200.0
801191,2016-08-09,TDG,280.059998,287.040009,277.369995,287.160004,605900.0
801691,2016-08-10,TDG,287.5,287.600006,283.5,288.709991,656800.0
802191,2016-08-11,TDG,288.48999,286.01001,285.950012,289.670013,338500.0
802691,2016-08-12,TDG,284.47000099999997,283.100006,282.559998,284.48999,337400.0
803191,2016-08-15,TDG,284.290009,285.25,283.170013,285.730011,488900.0
803691,2016-08-16,TDG,284.059998,283.619995,283.329987,285.209991,191000.0
804191,2016-08-17,TDG,284.170013,283.929993,282.380005,284.440002,215400.0
804691,2016-08-18,TDG,284.309998,285.160004,283.670013,286.209991,236500.0
805191,2016-08-19,TDG,284.399994,285.410004,283.399994,285.97000099999997,154500.0
805691,2016-08-22,TDG,285.170013,285.869995,284.640015,287.450012,175500.0
806191,2016-08-23,TDG,286.75,286.76001,285.109985,287.27999900000003,227600.0
806691,2016-08-24,TDG,285.630005,284.290009,283.690002,286.899994,193000.0
807191,2016-08-25,TDG,283.980011,284.420013,283.619995,286.350006,180600.0
807691,2016-08-26,TDG,285.200012,284.72000099999997,282.040009,286.820007,131500.0
808191,2016-08-29,TDG,285.149994,289.170013,285.149994,289.630005,255800.0
808691,2016-08-30,TDG,289.230011,287.22000099999997,285.410004,289.959991,251300.0
809191,2016-08-31,TDG,287.130005,285.190002,284.200012,287.320007,249700.0
809691,2016-09-01,TDG,285.440002,287.410004,284.100006,287.850006,270700.0
810191,2016-09-02,TDG,288.820007,288.359985,287.329987,290.850006,229300.0
810691,2016-09-06,TDG,288.519989,290.079987,287.980011,290.820007,259700.0
811191,2016-09-07,TDG,290.079987,291.809998,289.51001,294.380005,285600.0
811691,2016-09-08,TDG,290.149994,288.48999,287.540009,291.329987,471800.0
812191,2016-09-09,TDG,286.25,283.410004,283.179993,286.690002,416800.0
812691,2016-09-12,TDG,281.730011,286.459991,280.549988,287.22000099999997,348000.0
813191,2016-09-13,TDG,284.519989,281.73999,280.600006,285.299988,264300.0
813691,2016-09-14,TDG,281.880005,281.350006,280.410004,285.070007,216100.0
814191,2016-09-15,TDG,281.399994,284.320007,280.329987,285.380005,219800.0
814691,2016-09-16,TDG,283.230011,281.97000099999997,281.040009,286.170013,767700.0
815191,2016-09-19,TDG,283.660004,282.5,280.950012,285.160004,247600.0
815691,2016-09-20,TDG,283.809998,279.709991,278.519989,283.809998,286100.0
816191,2016-09-21,TDG,280.0,282.690002,279.0,282.690002,322600.0
816691,2016-09-22,TDG,286.299988,286.850006,285.640015,288.690002,279700.0
817191,2016-09-23,TDG,286.170013,288.160004,285.959991,289.609985,287900.0
817691,2016-09-26,TDG,287.399994,290.179993,287.119995,291.799988,457900.0
818191,2016-09-27,TDG,290.76001,290.570007,288.200012,292.399994,269600.0
818691,2016-09-28,TDG,291.019989,291.339996,288.350006,292.570007,202800.0
819191,2016-09-29,TDG,290.369995,287.089996,286.380005,290.829987,281000.0
819691,2016-09-30,TDG,289.040009,289.119995,286.910004,290.269989,263200.0
820191,2016-10-03,TDG,287.850006,289.859985,287.75,290.200012,164600.0
820691,2016-10-04,TDG,292.23999,283.130005,282.410004,293.190002,733800.0
821191,2016-10-05,TDG,283.119995,283.799988,282.209991,284.829987,484900.0
821691,2016-10-06,TDG,283.799988,285.5,282.329987,286.0,381700.0
822191,2016-10-07,TDG,284.359985,280.899994,279.27999900000003,284.359985,1006900.0
822691,2016-10-10,TDG,281.799988,283.26001,280.459991,284.440002,428300.0
823191,2016-10-11,TDG,281.609985,276.700012,275.869995,282.790009,355300.0
823691,2016-10-12,TDG,276.390015,277.429993,275.0,278.059998,378400.0
824191,2016-10-13,TDG,275.679993,278.670013,275.140015,279.480011,453700.0
824691,2016-10-14,TDG,280.390015,277.519989,277.5,280.690002,183900.0
825191,2016-10-17,TDG,279.26001,280.02999900000003,278.02999900000003,280.5,385600.0
825691,2016-10-18,TDG,282.959991,282.079987,280.77999900000003,282.97000099999997,291300.0
826191,2016-10-19,TDG,281.51001,281.660004,280.230011,282.959991,441100.0
826691,2016-10-20,TDG,256.559998,260.190002,256.130005,260.309998,666500.0
827191,2016-10-21,TDG,258.399994,262.859985,257.890015,263.26001,406100.0
827691,2016-10-24,TDG,265.01001,266.950012,264.290009,267.209991,450900.0
828191,2016-10-25,TDG,266.859985,268.119995,265.820007,269.130005,535100.0
828691,2016-10-26,TDG,267.709991,271.079987,267.570007,271.269989,405800.0
829191,2016-10-27,TDG,271.829987,269.619995,269.040009,273.040009,439200.0
829691,2016-10-28,TDG,270.109985,271.660004,269.399994,273.22000099999997,380700.0
830191,2016-10-31,TDG,272.899994,272.459991,270.940002,273.98999,341100.0
830691,2016-11-01,TDG,273.410004,270.160004,268.589996,274.440002,377900.0
831191,2016-11-02,TDG,270.119995,265.820007,265.76001,271.5,456400.0
831691,2016-11-03,TDG,266.630005,266.47000099999997,264.429993,267.100006,309600.0
832191,2016-11-04,TDG,266.589996,267.450012,266.589996,271.359985,335700.0
832691,2016-11-07,TDG,271.570007,270.450012,266.01001,271.570007,543000.0
833191,2016-11-08,TDG,270.480011,272.75,270.089996,274.290009,253100.0
833691,2016-11-09,TDG,270.549988,272.0,269.799988,273.299988,1413700.0
834191,2016-11-10,TDG,274.149994,269.420013,266.350006,277.329987,985100.0
834691,2016-11-11,TDG,268.27999900000003,272.290009,266.980011,272.950012,761900.0
835191,2016-11-14,TDG,273.429993,252.940002,251.94999700000002,274.0,2228600.0
835691,2016-11-15,TDG,251.88999900000002,258.920013,251.88999900000002,262.47000099999997,1326800.0
836191,2016-11-16,TDG,257.77999900000003,255.789993,253.539993,259.359985,701000.0
836691,2016-11-17,TDG,255.86000099999998,258.820007,255.86000099999998,259.149994,472700.0
837191,2016-11-18,TDG,257.48999,250.02999900000003,249.27999900000003,257.48999,840300.0
837691,2016-11-21,TDG,250.669998,251.38000499999998,250.580002,252.270004,669300.0
838191,2016-11-22,TDG,251.520004,252.5,251.07000699999998,252.75999500000003,697500.0
838691,2016-11-23,TDG,252.86999500000002,259.02999900000003,252.86999500000002,260.119995,609200.0
839191,2016-11-25,TDG,260.47000099999997,260.02999900000003,257.730011,261.059998,227200.0
839691,2016-11-28,TDG,259.27999900000003,258.480011,257.670013,260.98999,506600.0
840191,2016-11-29,TDG,259.25,258.670013,257.980011,261.829987,520500.0
840691,2016-11-30,TDG,258.799988,251.42999300000002,250.05000299999998,260.119995,853600.0
841191,2016-12-01,TDG,251.11999500000002,244.979996,244.72000099999997,251.30000299999998,1238900.0
841691,2016-12-02,TDG,244.33999599999999,245.270004,235.13999900000002,246.41000400000001,1154400.0
842191,2016-12-05,TDG,247.580002,247.399994,245.97000099999997,250.899994,673900.0
842691,2016-12-06,TDG,247.289993,250.809998,246.419998,250.83999599999999,413600.0
843191,2016-12-07,TDG,252.309998,256.089996,249.809998,257.22000099999997,816500.0
843691,2016-12-08,TDG,257.26001,249.729996,249.309998,257.48999,751200.0
844191,2016-12-09,TDG,249.08999599999999,249.460007,247.809998,250.559998,637500.0
844691,2016-12-12,TDG,248.52999900000003,246.99000499999997,244.36000099999998,248.809998,773000.0
845191,2016-12-13,TDG,248.479996,250.080002,245.75,250.61999500000002,538700.0
845691,2016-12-14,TDG,250.17999300000002,250.789993,250.05000299999998,253.729996,643700.0
846191,2016-12-15,TDG,250.94999700000002,253.979996,250.190002,256.559998,615500.0
846691,2016-12-16,TDG,253.94999700000002,251.479996,250.440002,254.83999599999999,845400.0
847191,2016-12-19,TDG,250.80000299999998,251.08999599999999,250.32000699999998,253.020004,492000.0
847691,2016-12-20,TDG,251.229996,249.75,249.36000099999998,252.350006,607200.0
848191,2016-12-21,TDG,250.41000400000001,248.960007,247.580002,251.149994,492700.0
848691,2016-12-22,TDG,249.25,248.94999700000002,248.440002,250.539993,312500.0
849191,2016-12-23,TDG,249.61999500000002,250.100006,248.25,250.440002,210700.0
849691,2016-12-27,TDG,251.210007,250.899994,249.580002,251.47000099999997,214800.0
850191,2016-12-28,TDG,250.5,249.5,248.190002,250.74000499999997,187000.0
850691,2016-12-29,TDG,249.710007,249.82000699999998,249.11000099999998,251.479996,187000.0
851191,2016-12-30,TDG,250.350006,248.960007,247.5,250.350006,249400.0
